productid,itemsize,qtyonhand
1318,6,5
1318,6.5,0
1318,7.5,17
1318,8,16
1318,9,14
1318,10,29
1319,7,8
1319,7.5,26
1319,8,22
1319,8.5,13
1319,9,21
1319,10,30
1319,11,21
1320,7,36
1321,6,28
1321,6.5,32
1321,7,22
1321,7.5,17
1321,8,20
1321,8.5,15
1321,9,16
1321,10,27
1322,6,29
1322,6.5,3
1322,7,28
1322,7.5,31
1322,8,14
1322,8.5,32
1322,9,28
1323,6,42
1323,6.5,26
1323,7,36
1323,7.5,15
1323,8,20
1323,8.5,27
1323,9,29
1323,10,22
1324,9,22
1324,9.5,23
1324,12,18
1325,8,18
1325,9,22
1325,10,23
1326,7,20
1326,7.5,28
1326,8,19
1326,9,24
1326,9.5,23
1326,10,22
1326,10.5,18
1326,11,37
1326,12,24
1327,10.5,12
1328,11,14
1328,11.5,24
1328,13,18
1329,10,20
1329,10.5,28
1329,11,17
1329,11.5,25
1329,13,25
1330,7,14
1330,10,15
1330,11,22
1330,11.5,25
1330,13,31
1331,11.5,28
1331,12,13
1332,7.5,33
1332,8.5,28
1332,9,14
1332,9.5,15
1332,10,7
1332,10.5,13
1332,11,14
1332,11.5,25
1332,12,20
1332,13,19
1333,11.5,19
1334,10,28
1334,10.5,37
1334,11,22
1334,13,24
1335,7,21
1335,7.5,22
1335,9,19
1335,9.5,19
1335,10,35
1335,10.5,12
1335,11,25
1335,11.5,29
1335,12,26
1335,13,26
1335,14,19
1336,5,2
1336,9.5,28
1336,10,14
1337,7.5,20
1337,8,9
1337,9,2
1337,9.5,17
1337,10,24
1337,10.5,30
1337,11,28
1337,11.5,16
1337,12,23
1337,14,20
1338,11,12
1338,12,17
1339,10.5,15
1339,12,11
1340,7.5,23
1340,8.5,10
1340,9,31
1340,9.5,19
1340,10,23
1340,10.5,16
1340,11,23
1340,12,14
1340,13,11
1341,6,30
1341,6.5,28
1341,7,25
1341,7.5,33
1341,8,16
1341,8.5,36
1341,9,37
1341,10,27
1342,5.5,9
1342,6,25
1342,6.5,29
1342,7,14
1342,7.5,11
1342,8,25
1342,8.5,19
1342,9,14
1342,10,25
1343,6.5,23
1344,5.5,30
1344,6,33
1344,6.5,23
1344,7.5,21
1344,8,33
1345,6,17
1345,6.5,39
1345,7,17
1345,7.5,13
1345,8,15
1345,8.5,11
1345,9,37
1345,10,40
1346,7,8
1346,7.5,19
1346,8,23
1346,8.5,12
1346,9,15
1347,6.5,16
1347,7,26
1347,7.5,33
1347,8,13
1347,8.5,22
1348,7,19
1348,8,26
1348,8.5,14
1348,9,33
1348,9.5,27
1348,10,14
1348,10.5,15
1348,11,10
1348,14,36
1349,8.5,16
1349,9,19
1349,9.5,22
1349,10,33
1349,10.5,15
1349,11,18
1349,11.5,13
1349,12,36
1349,13,14
1349,14,12
1350,8.5,11
1350,9,25
1350,9.5,10
1350,10,34
1350,11.5,23
1350,13,16
1351,8,13
1351,10,40
1352,7,28
1352,8,4
1353,7,22
1353,7.5,11
1353,8,29
1353,9,22
1353,9.5,24
1353,10.5,4
1353,11,20
1353,11.5,8
1353,12,29
1353,13,26
1354,7,15
1355,9,15
1356,7.5,3
1356,8,22
1356,8.5,34
1356,9,31
1356,9.5,24
1356,10,20
1357,9,14
1357,9.5,25
1357,10,12
1357,10.5,33
1357,11,19
1357,11.5,33
1358,7.5,27
1358,8,14
1358,8.5,20
1358,9,29
1358,9.5,18
1358,10,39
1358,10.5,37
1358,11,33
1358,11.5,20
1358,12,14
1358,13,26
1359,5,22
1359,6,14
1359,6.5,18
1359,7,24
1359,7.5,16
1359,8,29
1359,8.5,19
1359,9,18
1359,9.5,16
1359,10,15
1359,10.5,9
1359,11,28
1359,12,27
1360,8.5,7
1360,9,13
1360,9.5,18
1360,10,21
1360,10.5,29
1360,11,10
1360,12,36
1361,6,24
1361,6.5,19
1361,7,24
1361,7.5,37
1361,8,15
1361,8.5,17
1361,9,14
1361,10,13
1362,10,25
1363,8,9
1363,8.5,13
1363,9,23
1363,9.5,8
1363,10,18
1364,7,39
1364,7.5,31
1364,8,14
1364,8.5,12
1364,9,5
1364,10,31
1364,11,27
1365,5.5,25
1365,6,15
1365,6.5,25
1365,7,18
1365,7.5,13
1365,8,24
1366,5.5,18
1367,5,14
1367,6,22
1367,7,12
1367,8,33
1367,9,28
1368,5,19
1368,6,21
1368,7,18
1368,8,14
1368,9,18
1368,10,16
1369,6,8
1369,6.5,26
1369,7,20
1370,8,34
1370,8.5,30
1370,9,17
1370,9.5,27
1370,10,18
1370,10.5,10
1370,11,15
1370,11.5,12
1370,12,26
1371,13,30
1371,14,18
1371,15,5
1372,6,22
1372,6.5,25
1372,7,17
1372,7.5,24
1372,8,28
1372,8.5,28
1372,9,24
1372,10,14
1373,7.5,23
1373,8,28
1373,8.5,24
1373,9,9
1373,9.5,16
1373,10,9
1373,10.5,29
1373,11,26
1374,6.5,30
1374,7,27
1375,8,35
1375,8.5,18
1375,9.5,19
1375,10,44
1375,10.5,21
1375,11,30
1375,11.5,6
1376,7,31
1377,9,14
1378,9.5,25
1379,7.5,40
1379,8.5,10
1379,9,12
1379,10,30
1379,11.5,32
1379,12,32
1380,5,21
1381,5,21
1381,7,0
1381,8.5,22
1381,9,23
1381,9.5,31
1381,10,26
1381,10.5,25
1381,11,26
1381,11.5,20
1381,12,18
1382,5,19
1382,5.5,31
1382,8.5,15
1382,9,20
1382,9.5,19
1382,10,28
1382,10.5,35
1383,6,28
1384,5.5,22
1384,7,8
1384,7.5,19
1384,10.5,36
1384,11,12
1384,11.5,9
1385,7,34
1385,7.5,6
1385,8.5,15
1385,9,12
1385,9.5,40
1385,11.5,28
1385,12,15
1386,5,25
1386,10.5,20
1386,11.5,34
1386,12,31
1387,6,15
1388,7.5,27
1388,8,21
1388,8.5,25
1388,9,13
1388,9.5,1
1388,10,35
1388,10.5,26
1388,11,26
1389,5,9
1389,5.5,21
1389,6.5,22
1390,5,4
1390,5.5,19
1390,6,17
1390,6.5,12
1390,10.5,33
1391,5,33
1391,6,8
1391,6.5,7
1391,7,29
1391,7.5,21
1391,8.5,33
1391,9,23
1391,9.5,24
1391,10,7
1391,10.5,10
1391,11.5,10
1392,5.5,26
1392,7,19
1392,9.5,20
1392,10.5,30
1392,11,23
1392,11.5,27
1392,12,9
1393,5,15
1393,6,15
1393,7,35
1393,9,26
1393,10,25
1393,11,19
1393,12,31
1394,5,18
1394,5.5,22
1394,6,26
1394,11.5,20
1394,12,31
1395,5,23
1395,5.5,32
1395,6,29
1395,6.5,25
1395,7,35
1395,7.5,21
1395,9,34
1395,10,14
1395,10.5,29
1395,11,36
1,7.5,27
1,8,14
1,8.5,25
1,9,12
1,9.5,27
1,10,16
1,10.5,15
1,11,17
1,11.5,17
1,13,23
2,6,18
2,6.5,12
2,7,21
2,7.5,33
3,7,20
3,8.5,21
3,9,16
3,9.5,14
3,10,31
3,11,25
3,12,11
3,13,23
4,8,31
4,8.5,15
4,10,12
4,10.5,24
4,11,14
4,12,28
5,7.5,9
5,9.5,13
5,11,29
5,11.5,30
5,12,16
5,13,1
5,14,23
6,12,18
6,14,32
7,5,28
7,7,19
7,7.5,18
7,8,9
7,8.5,16
7,9,8
7,9.5,11
7,10,7
7,11,33
7,12,21
8,6,21
8,8,13
8,8.5,34
8,9,19
8,9.5,10
8,10,4
8,10.5,28
8,11,31
8,11.5,23
8,13,19
9,5,39
9,5.5,21
9,8,30
9,8.5,37
9,9,21
9,9.5,23
9,10,25
9,10.5,23
9,11,30
9,11.5,30
9,12,29
9,13,23
10,7.5,35
10,8,32
11,15,8
12,15,12
13,15,25
14,8,21
14,8.5,26
14,9,13
14,9.5,17
14,10,4
14,10.5,19
14,11,8
14,11.5,21
14,12,28
14,13,16
14,14,11
14,15,35
15,9,14
15,9.5,15
15,13,24
15,14,20
15,15,22
16,7.5,6
16,9,17
16,9.5,27
16,10,33
17,9.5,23
17,10,26
17,10.5,19
17,11,16
17,11.5,28
17,12,21
17,13,32
18,13,20
18,14,13
18,15,36
19,6,36
19,6.5,15
19,7,23
20,7,24
20,7.5,31
20,8,19
20,8.5,23
20,9,29
20,9.5,15
20,10,28
20,10.5,11
20,11,17
20,11.5,22
20,13,15
21,7,19
21,7.5,6
21,8,24
21,8.5,7
21,9,24
21,9.5,22
21,10,27
21,10.5,22
21,11,16
21,11.5,18
21,12,10
21,13,24
21,14,14
22,5.5,12
22,6,17
22,6.5,14
22,7,25
22,7.5,7
22,8,20
22,9.5,30
22,10,36
22,11,10
23,7,22
23,7.5,29
23,8,26
23,8.5,20
23,9,36
23,9.5,11
23,10,29
23,10.5,26
23,11,21
23,11.5,29
23,12,25
23,13,25
23,14,21
24,6,16
24,6.5,15
24,7,18
24,8,19
24,10,6
25,6.5,28
25,7.5,27
25,9,38
25,9.5,10
25,10,25
25,10.5,31
25,11,19
26,6,14
26,6.5,20
26,7,23
26,7.5,17
26,8,22
26,8.5,14
26,9,39
26,9.5,35
26,10.5,34
26,11,21
27,6,25
27,6.5,22
27,7,18
27,7.5,36
27,8,24
27,8.5,26
27,9,22
27,9.5,27
27,10,26
27,10.5,32
27,11,22
28,9.5,15
28,10,27
28,10.5,14
28,11,18
28,11.5,19
28,12,32
28,13,42
29,8,30
29,8.5,24
29,9,32
29,9.5,36
29,10,17
29,10.5,23
29,11,25
29,12,32
29,13,32
30,8,28
30,8.5,15
30,9,16
30,9.5,31
30,10,32
30,10.5,23
30,11,11
30,11.5,20
30,13,15
31,9.5,11
31,13,19
32,13,27
32,14,15
33,7,20
33,7.5,29
33,8,15
33,8.5,7
33,9,16
33,9.5,28
33,10,4
33,10.5,14
33,11,8
33,11.5,26
33,12,25
33,13,30
33,14,15
34,7,28
34,10,23
34,10.5,43
34,12,42
34,13,34
35,8,15
35,9,24
35,10,23
35,11,31
35,12,19
35,13,17
35,14,24
35,15,26
36,6,8
36,6.5,19
36,7,26
36,7.5,28
36,8,24
36,8.5,17
36,9,17
36,10,33
37,8,37
37,9,26
37,9.5,6
37,10,20
37,10.5,15
37,12,22
38,11.5,18
39,9,30
39,13,17
39,14,28
40,8,36
40,9,27
40,10,28
40,11,21
40,12,35
40,13,28
40,14,13
41,8,39
41,9,16
41,13,22
41,14,13
42,8,21
42,9,21
42,10,37
42,11,24
42,12,14
42,13,19
42,14,15
43,8,12
43,9,25
43,10,29
43,11,15
43,12,8
43,13,20
43,14,15
44,6,23
44,7,14
45,8.5,19
45,13,23
46,7.5,23
46,8,31
46,8.5,16
46,9,29
46,9.5,29
46,10,16
46,10.5,17
46,12,31
47,9.5,38
47,10,15
48,7,39
49,6,13
49,6.5,22
49,7.5,30
49,8,18
49,8.5,27
50,7,14
50,7.5,22
50,8,34
50,8.5,11
50,9,13
50,9.5,24
50,10,30
50,10.5,16
50,11,15
50,11.5,22
50,12,26
50,13,30
51,7,33
51,7.5,34
51,8,13
51,8.5,33
51,9,29
51,9.5,6
51,10,13
51,10.5,30
51,11,29
51,12,18
51,13,24
52,7.5,24
52,8.5,15
52,9,12
52,10.5,25
52,11,17
52,12,27
52,13,15
53,6,33
53,6.5,19
53,7,14
53,8,27
53,8.5,12
53,9,22
53,10,33
54,7,24
54,7.5,7
54,8,23
54,8.5,35
54,9,16
54,9.5,25
54,10,20
54,10.5,27
54,11,23
54,11.5,31
54,12,26
54,13,16
54,14,18
54,15,19
55,7.5,8
55,8,25
55,8.5,33
55,9,16
55,9.5,9
55,17,17
55,18,27
56,7,13
56,7.5,14
56,8,16
56,8.5,20
56,9,9
56,9.5,23
56,10,25
56,11,28
56,11.5,17
56,13,19
56,14,21
56,16,28
56,17,16
56,18,44
56,19,32
57,7,16
57,7.5,20
57,8,20
57,9,21
57,9.5,30
57,11.5,30
57,13,12
57,14,25
57,17,37
57,18,18
58,7,16
58,7.5,13
58,8,41
58,8.5,37
58,9,14
58,9.5,30
58,10,33
58,13,5
58,14,5
58,15,18
58,17,24
58,18,21
59,7,20
59,7.5,16
59,8,0
59,8.5,14
59,9,23
59,9.5,24
59,10,16
59,10.5,16
59,11,23
59,12,8
59,13,9
59,14,9
59,15,0
59,16,27
59,17,35
59,18,20
60,8,20
60,8.5,26
60,9,21
60,9.5,27
60,11,24
60,13,22
60,14,8
60,15,10
61,7,33
61,9,26
61,10,21
61,11.5,18
61,13,12
61,14,13
61,16,27
61,17,29
61,18,34
61,19,10
62,13,15
63,8,23
63,9.5,19
63,11.5,21
63,13,38
64,8,15
64,8.5,4
64,11,20
65,7.5,22
65,8,12
65,8.5,13
65,9,24
65,10,22
65,10.5,27
65,13,27
65,14,7
65,15,11
66,7,30
66,8,34
66,8.5,16
66,9,17
66,9.5,12
66,10,10
66,10.5,26
66,11,30
66,11.5,35
66,12,36
66,13,16
66,14,9
66,15,24
67,7,28
67,8,30
67,9,31
67,9.5,24
67,10.5,27
67,11,10
67,11.5,42
67,12,6
67,13,16
67,14,22
67,15,26
68,15,27
69,7,11
69,7.5,43
69,8,22
69,9,25
69,10,28
69,10.5,23
69,13,12
70,7.5,27
70,8,15
70,8.5,6
70,9,16
70,9.5,19
70,10,22
70,11,18
70,13,18
70,14,7
70,15,29
71,9,21
71,15,21
72,7,32
72,9,29
72,9.5,27
72,10,20
72,10.5,4
72,15,31
73,7,36
73,7.5,9
73,8,14
73,9,19
73,11,19
73,11.5,28
73,13,23
73,15,13
74,7,29
74,7.5,16
74,8,23
74,8.5,32
74,9,11
74,9.5,34
74,10,19
74,10.5,37
74,11,25
74,11.5,19
74,12,22
74,13,31
74,14,25
74,15,24
75,7,18
75,7.5,12
75,8,25
75,9,9
75,9.5,10
75,10,15
75,11,25
75,13,7
75,14,30
76,9,20
77,7,12
77,7.5,22
77,8,32
77,9,8
77,9.5,15
77,10,36
77,10.5,33
77,11,5
77,12,29
77,13,36
77,14,15
77,15,18
78,8,11
78,8.5,30
78,9,24
78,10.5,18
78,12,17
78,13,25
78,14,31
78,15,14
79,15,16
80,9,22
80,10,18
80,11.5,20
80,13,24
81,8,7
81,9,21
81,9.5,30
81,10,11
81,10.5,15
81,11,35
81,13,11
81,14,35
81,15,12
82,15,34
83,12,26
83,14,16
84,8,38
84,9,23
84,9.5,25
84,10,6
84,10.5,32
84,11,8
84,12,31
84,13,27
84,14,25
84,15,7
85,7,11
85,7.5,11
85,8,15
85,9,21
85,9.5,15
85,11,31
85,11.5,18
85,13,8
85,14,21
85,15,16
86,8.5,12
86,9,20
86,9.5,17
87,8.5,41
87,9,16
87,9.5,18
87,10,25
87,10.5,18
87,11,28
87,12,13
87,13,35
88,9,25
88,9.5,26
89,9,29
90,8.5,6
90,9,24
90,9.5,33
91,8.5,29
91,9,14
91,9.5,13
91,10,26
92,9,21
92,9.5,37
92,10,6
92,10.5,6
92,11,34
92,12,13
92,13,23
93,8.5,21
93,9,22
93,9.5,20
93,10,12
93,10.5,6
93,11,34
93,12,23
93,13,35
94,9,18
94,9.5,33
95,8.5,13
95,9,23
95,9.5,18
96,9,29
96,9.5,11
96,10,30
96,10.5,23
96,12,18
96,13,36
97,7.5,10
97,8.5,23
97,9,18
97,9.5,28
97,10,23
97,10.5,23
97,11,32
97,12,30
97,13,29
98,5.5,12
98,6,11
98,6.5,18
98,7,13
99,5.5,35
99,6,10
99,6.5,18
99,7,27
99,7.5,21
99,8,39
100,6,7
100,6.5,13
100,7,29
100,7.5,10
100,8,28
100,8.5,14
100,9,31
100,10,39
101,5,17
101,5.5,20
101,6,19
101,6.5,22
102,8,0
102,9,13
102,9.5,17
102,10,19
103,6,18
103,6.5,31
103,7,23
103,7.5,23
103,8,27
103,8.5,29
104,7,31
104,7.5,14
104,8,23
104,8.5,9
104,9,18
104,10,23
105,5.5,19
105,6,22
105,6.5,22
105,7,26
105,7.5,31
105,8,16
105,8.5,20
105,9,37
105,10,40
106,6.5,37
106,7,14
106,8,2
106,8.5,30
106,9,17
106,9.5,20
106,10,27
106,10.5,16
107,6.5,29
107,8,29
107,8.5,24
107,9,11
107,9.5,22
107,10,32
107,10.5,29
107,11,12
107,12,33
107,13,12
108,8,33
108,8.5,25
108,9,12
109,7,11
109,8,28
109,9,24
109,10,11
109,11,42
110,6,22
110,7,4
110,8,31
110,9,16
110,10,27
111,9,18
111,9.5,22
111,10,17
111,10.5,29
111,11,10
111,11.5,24
111,12,18
111,13,15
111,14,22
112,7,3
112,8.5,25
113,9,42
113,9.5,35
113,10,19
113,10.5,24
113,11,17
113,11.5,41
113,12,6
113,13,20
113,14,27
114,7,16
114,7.5,12
114,8,19
114,8.5,25
114,9,19
114,10,6
114,11,9
115,6,18
115,7,23
115,8,28
115,9,23
115,10,17
116,7,30
116,8,15
117,6,22
117,6.5,9
117,7.5,19
117,9,31
118,5.5,18
118,6,21
118,7,4
119,6,16
119,6.5,19
119,7,30
119,7.5,17
119,8,10
119,8.5,40
119,9,5
119,9.5,30
119,10,10
120,6,21
120,7,4
120,8,24
120,9,13
120,10,16
120,11,15
121,7,9
121,8,23
121,9,26
121,10,23
122,6,13
122,6.5,13
122,7,31
122,7.5,23
122,8,30
122,8.5,13
122,9,26
122,10,20
123,5,17
123,6,23
123,7,11
124,5.5,29
124,6,30
124,6.5,13
124,7,11
125,5.5,34
125,6,18
125,6.5,16
125,7,18
126,5.5,25
127,6,33
127,6.5,25
128,5.5,11
129,7,9
129,8,28
129,8.5,20
129,9,10
129,9.5,15
129,10,27
129,10.5,22
129,11,21
129,11.5,12
129,12,3
129,13,25
129,14,14
129,15,12
130,6,21
130,6.5,11
130,7,11
130,7.5,37
130,8,16
130,8.5,25
130,10,19
131,8,22
131,8.5,20
131,9,9
131,9.5,15
131,10,25
131,10.5,17
131,11,8
131,11.5,16
131,12,12
131,13,20
131,14,31
132,8,7
132,8.5,15
132,9,20
132,9.5,21
132,10,23
132,10.5,10
132,11,27
132,12,17
132,13,12
133,6.5,12
134,9,38
135,7,33
135,9.5,30
135,11.5,18
136,7,20
136,7.5,6
136,8,27
136,8.5,18
136,9,9
136,9.5,39
136,10,18
136,10.5,18
136,11,27
136,11.5,32
136,12,30
136,13,15
136,14,24
137,7,9
137,7.5,7
137,8,16
137,8.5,8
137,9,24
137,9.5,7
137,10,32
137,10.5,13
137,11,3
137,11.5,30
137,12,33
137,13,11
137,14,21
138,8.5,30
138,9,15
139,9.5,28
139,10,27
139,10.5,16
139,11,25
139,11.5,15
139,12,12
139,13,3
140,6.5,5
141,8,25
141,8.5,3
141,9,13
141,9.5,17
141,10,35
141,10.5,12
141,11,20
142,8,11
142,8.5,16
142,9,22
142,9.5,16
142,10,22
142,10.5,19
142,11,16
142,13,28
142,14,35
143,7,17
143,8,6
143,8.5,18
143,9,16
143,10,33
144,8.5,13
144,11,22
145,7.5,29
145,9.5,33
145,10,10
145,10.5,32
145,11.5,16
145,13,9
146,10,8
146,10.5,24
146,11.5,26
147,5.5,25
147,6,24
147,6.5,27
147,7,20
147,7.5,15
147,8,12
147,8.5,18
147,9,7
147,10,21
148,5.5,18
148,6,32
148,6.5,12
148,7,21
148,7.5,5
148,8,32
148,8.5,0
148,9,10
148,10,17
149,6,14
149,6.5,30
149,7,10
149,8.5,42
149,10,4
150,6.5,13
150,7,15
150,8.5,21
151,6,15
151,6.5,27
151,7,20
151,7.5,23
151,8,19
151,8.5,20
151,9,1
151,10,21
152,7,35
152,7.5,27
152,8,20
152,8.5,30
153,5.5,23
153,6,27
153,6.5,33
153,7,20
153,7.5,27
153,8,22
153,8.5,34
153,9,21
153,9.5,18
153,10,18
153,10.5,19
154,7,23
154,7.5,23
154,8,22
154,8.5,13
154,9,18
154,10,9
154,11,26
155,9.5,19
155,11.5,15
156,8,24
156,8.5,23
156,10,17
156,10.5,21
156,12,21
157,8.5,15
157,9,16
158,7,17
159,7,9
159,7.5,21
159,8,35
159,8.5,26
159,9,14
159,9.5,14
159,10,31
159,10.5,15
159,11,26
159,11.5,35
159,12,25
159,13,26
160,6,19
160,6.5,15
160,7,23
160,7.5,30
160,8,19
160,9,11
160,10,28
161,6,5
161,6.5,17
161,7,27
161,7.5,21
161,8,12
162,10.5,15
163,6,23
163,7,38
163,8,15
163,9,13
163,10,18
164,6,31
164,6.5,16
164,7,24
164,7.5,22
164,8,29
164,8.5,32
164,9,9
164,10,27
165,5.5,7
165,6,25
166,8.5,36
167,7,34
168,5.5,15
168,6,15
168,6.5,16
168,7,18
168,7.5,31
168,8,26
169,6,25
170,7.5,14
170,8,23
170,8.5,16
171,7,28
171,7.5,24
171,8,17
171,8.5,18
171,9,29
172,6,26
172,7,16
172,8,34
172,9,25
173,6,22
173,7,23
173,8,23
173,9,18
174,8,28
174,8.5,22
174,9,10
174,9.5,22
174,10,24
174,10.5,24
174,12,21
175,9,30
175,9.5,20
175,11,7
175,13,21
176,8,25
176,9,35
176,9.5,4
176,10,32
176,10.5,14
176,11,32
176,12,18
176,13,32
177,6,22
177,6.5,27
177,7,16
177,7.5,21
177,8,22
177,8.5,16
177,9,22
177,9.5,24
177,10,22
178,8,20
178,9,19
178,9.5,25
178,10,17
178,10.5,24
178,11,16
178,12,7
179,7.5,18
179,8,14
179,8.5,8
179,9,24
179,9.5,32
179,10,27
179,10.5,20
179,11,4
179,11.5,10
179,12,24
179,13,22
180,6,36
180,6.5,27
180,7,31
180,7.5,16
180,8,13
180,8.5,15
180,9,11
180,9.5,30
180,10,26
181,5,17
181,5.5,28
181,6,25
182,6,33
182,6.5,37
182,7,20
182,7.5,14
182,8,11
182,8.5,25
183,6,26
183,7,31
183,7.5,19
183,8,29
183,8.5,24
183,9,22
183,10,21
183,11,13
184,7,22
184,8,6
184,8.5,12
184,9,21
185,6,28
185,6.5,10
185,7,43
185,7.5,20
185,8,28
185,8.5,36
186,14,8
186,15,22
186,16,36
186,17,21
187,7,36
187,8,21
187,9,10
187,10,28
187,11,22
187,12,16
187,13,30
187,14,19
187,15,18
188,14,18
188,15,19
188,17,19
188,18,9
189,14,3
189,15,11
189,16,25
189,17,19
189,18,33
190,15,6
191,7.5,35
191,8.5,24
191,9,21
191,9.5,22
191,10,14
191,10.5,6
191,11,35
191,11.5,25
191,12,14
191,13,13
191,14,25
192,7.5,25
192,8,14
192,8.5,23
192,9,24
192,9.5,34
192,10,33
192,10.5,6
192,11,11
192,12,10
192,13,29
193,7,19
193,7.5,17
193,8,19
193,8.5,33
193,9,24
194,7.5,22
194,8,18
194,8.5,29
194,9,23
195,6,31
195,6.5,12
195,7,8
195,7.5,20
195,8,27
195,8.5,32
196,6,27
196,6.5,33
196,7,26
196,7.5,39
197,6,18
197,7,24
197,8,23
197,9,22
198,7,22
198,7.5,26
198,8,17
198,8.5,28
198,9,9
198,10,14
198,11,19
199,6.5,19
199,7,19
199,7.5,34
199,8,14
199,8.5,29
200,7,8
200,8,26
200,9.5,19
200,10,20
200,12,10
200,13,18
201,7,29
201,7.5,43
201,9,30
201,9.5,30
201,10,19
201,12,16
201,13,28
202,7,25
202,7.5,18
202,8,18
202,8.5,19
202,9,37
202,10,30
202,11,2
203,6,22
203,6.5,32
203,7,23
203,7.5,30
203,8,27
203,8.5,25
203,9,20
203,10,15
204,6,20
204,7,18
204,7.5,33
204,8,13
204,8.5,15
204,9,28
204,10,23
204,11,10
205,9.5,31
205,15,28
206,7.5,36
206,8,29
206,8.5,19
206,9,16
206,9.5,12
206,10,36
206,11,26
206,11.5,23
207,6,17
207,7.5,16
207,9,2
208,7,32
208,7.5,11
208,8,8
208,8.5,8
208,9,13
208,10,32
209,6,5
209,6.5,4
209,7,18
209,7.5,14
209,8,25
209,8.5,23
209,9,27
209,10,11
211,6,7
211,7,22
212,6,10
213,7,18
213,7.5,12
213,8,2
213,8.5,23
213,9,23
213,10,23
213,11,27
214,6,8
215,6,41
215,6.5,12
215,7,17
215,7.5,31
215,8,32
215,8.5,32
215,9,21
215,9.5,39
215,10,16
216,9,32
217,8,25
217,8.5,23
217,9,17
217,9.5,22
217,10,27
217,10.5,8
217,11,17
217,11.5,22
217,12,25
217,14,30
218,9,25
218,10.5,29
218,11,15
218,12,19
218,13,19
219,7,21
219,7.5,34
219,8,25
219,8.5,16
219,9,25
219,10,24
219,11,37
220,7,18
220,7.5,25
220,8,28
220,8.5,18
220,9,33
220,10,16
220,11,27
221,7,20
221,7.5,25
221,8,32
221,8.5,16
221,9,17
221,10,19
221,11,14
222,6,0
222,6.5,25
222,7,27
222,7.5,18
222,8,19
222,8.5,16
222,9,12
222,9.5,9
222,10,30
223,7,35
223,7.5,24
223,8,10
223,8.5,22
223,9,21
223,10,20
223,11,18
224,6,13
224,6.5,32
224,7,25
224,7.5,13
224,8,20
224,8.5,8
224,9,12
224,10,2
225,7,6
225,7.5,22
225,8,20
225,8.5,33
225,9,11
225,10,17
225,11,28
226,6,14
226,6.5,22
226,7,30
227,6,24
227,7,19
228,7,16
228,7.5,24
228,8,14
228,8.5,35
228,9,20
228,10,19
228,11,31
229,8,22
229,8.5,25
229,9,17
229,9.5,26
229,10.5,21
229,11,29
229,11.5,21
229,12,29
230,6,21
230,6.5,20
230,7,22
230,7.5,27
230,8,25
230,8.5,28
230,9,25
230,10,17
231,7,12
231,8,18
231,9,11
231,10,33
231,11,24
232,8,33
232,8.5,20
232,9,41
232,9.5,19
232,10,27
232,10.5,8
232,11,21
232,11.5,39
232,12,37
232,13,19
232,14,22
233,8,16
233,8.5,22
233,9,35
233,9.5,24
233,10,17
233,10.5,26
233,11,19
233,11.5,26
233,12,24
233,13,24
234,8,14
234,8.5,32
234,9,18
234,9.5,29
234,10,8
234,10.5,32
234,11,28
234,12,33
234,13,19
234,14,24
235,6,26
236,6,15
236,6.5,42
236,7,27
236,7.5,26
236,8,29
236,8.5,22
236,9,23
236,9.5,4
236,10,17
237,7,31
238,8.5,12
238,9,18
238,9.5,25
238,11,10
238,12,20
238,13,22
239,7,38
240,8.5,22
240,9,16
241,6,29
241,6.5,24
241,7,23
241,7.5,19
241,8,15
241,8.5,11
241,9,18
241,10,10
241,11,21
242,6.5,17
242,7,30
242,7.5,27
242,8,5
242,8.5,25
242,9,24
242,9.5,12
242,10.5,15
242,11,17
242,12,5
242,13,9
243,6,33
243,6.5,14
243,7,17
243,7.5,34
243,8,35
243,8.5,9
243,9,33
244,8,21
244,8.5,39
244,9,36
244,9.5,26
244,10,30
244,10.5,30
244,11,33
244,11.5,19
244,12,11
244,13,16
245,8.5,10
245,9,18
245,9.5,3
245,10,36
245,10.5,13
245,11,32
245,12,29
246,10,30
247,7,11
247,8,15
248,6.5,13
248,7,13
249,7,19
249,8,28
249,8.5,21
249,9,24
249,9.5,12
249,10,26
249,10.5,18
249,11,28
249,12,37
250,9,23
250,9.5,18
250,10,16
250,10.5,21
250,11,27
250,11.5,17
250,12,36
250,13,9
250,14,24
250,15,32
251,14,23
251,15,12
252,6,21
252,6.5,25
252,7,30
252,7.5,16
252,8,30
252,8.5,22
252,9,15
252,10,30
253,6,26
253,6.5,28
253,7,12
253,7.5,13
253,8,12
253,8.5,14
253,9,12
253,10,14
254,6,18
254,6.5,31
254,7,4
254,7.5,2
254,8,21
254,8.5,17
254,9,22
254,10,31
255,9,22
255,10,9
256,6,21
256,7,17
256,7.5,26
256,8,3
256,8.5,35
256,9,20
256,9.5,23
256,10,23
256,11,12
257,6,22
257,6.5,28
257,8,12
257,8.5,29
257,9,14
257,10,21
258,6.5,5
258,8.5,20
259,6,7
259,6.5,29
259,7,29
259,7.5,31
259,8,25
259,8.5,7
260,6,19
260,6.5,24
260,8,16
260,8.5,28
260,9,8
260,10,23
261,6,17
261,7.5,7
262,6,4
262,6.5,29
262,7,15
262,7.5,13
262,8,17
262,8.5,36
262,9,37
262,10,38
263,5.5,31
263,6,25
263,6.5,22
263,7,30
263,7.5,23
263,8,21
263,8.5,36
263,9,12
263,10,26
264,9,30
264,10,15
264,11,16
264,12,23
264,13,14
265,6.5,10
265,8.5,24
266,7.5,16
266,8,28
266,8.5,23
266,9,36
266,9.5,16
266,10,20
266,10.5,15
266,11,30
267,7.5,34
267,8,34
267,8.5,15
267,9,6
267,9.5,13
267,10,27
267,10.5,14
267,11,10
267,12,29
268,6,28
268,8.5,13
269,7,26
269,8,29
269,9,27
269,10,11
269,11,30
269,12,22
269,13,16
269,14,14
269,15,29
270,11,36
270,13,30
270,14,26
270,15,31
271,5.5,19
271,6,10
271,6.5,17
271,7,29
271,7.5,29
271,8,31
272,7.5,28
272,8,17
272,8.5,31
272,9,29
272,9.5,27
272,10,27
272,10.5,15
272,11,25
272,11.5,21
272,12,37
272,13,33
273,8,28
273,8.5,38
273,9.5,36
273,10.5,17
273,11,13
273,11.5,13
273,12,21
273,13,10
274,7.5,22
274,8,31
274,8.5,22
274,9,23
274,9.5,27
274,10,22
274,10.5,24
274,11,28
274,11.5,28
274,12,25
274,13,32
275,7.5,39
275,8,21
275,9.5,43
275,10,18
275,10.5,8
275,11,23
275,12,13
276,7.5,14
276,8,12
276,8.5,14
276,9,11
276,9.5,16
276,10,24
276,10.5,19
276,11,24
276,11.5,32
276,12,31
276,13,13
277,7.5,7
277,8,31
277,8.5,20
277,9.5,22
278,7.5,27
279,7,33
280,7.5,27
280,8,24
280,8.5,37
280,9,16
280,9.5,5
280,10,41
280,10.5,26
280,11,13
280,11.5,16
280,12,26
280,13,27
281,8,28
281,8.5,16
281,9,24
281,9.5,17
281,10,4
281,10.5,11
281,11,28
281,11.5,21
281,12,8
281,13,18
282,7,26
282,8,33
282,9,18
282,10,26
283,5,27
283,5.5,15
283,6.5,22
283,7.5,17
283,8.5,26
283,10,29
284,5.5,17
284,6,37
284,6.5,21
284,7,20
284,8,21
284,11,19
285,5,23
285,6,30
285,6.5,13
285,7,21
285,8.5,12
285,9,34
286,6,8
286,6.5,20
286,7,25
287,13,17
288,7,21
288,8,20
288,9,34
289,6,18
289,6.5,29
289,8.5,30
289,9,24
289,9.5,26
289,10,15
290,6,25
290,6.5,6
290,8,22
290,9,26
291,6.5,18
291,7,9
291,7.5,33
291,8,29
291,8.5,25
291,9,19
291,10,27
292,6,18
292,6.5,33
292,7,19
292,7.5,31
292,8,19
292,8.5,25
292,9,31
292,10,16
293,7,25
293,7.5,33
293,8,17
293,8.5,6
293,9,16
293,9.5,27
293,10,32
293,10.5,22
293,11,23
293,11.5,8
293,12,24
293,13,30
293,14,13
293,16,19
297,12,18
298,7.5,31
298,8.5,4
298,9,36
298,9.5,14
298,10,15
298,10.5,22
298,11,16
298,12,18
298,13,26
300,5.5,21
300,7.5,12
300,8,19
300,8.5,7
300,9,18
300,9.5,35
300,10,32
300,10.5,27
301,6.5,6
302,7,22
302,8,11
302,8.5,30
302,9,13
302,9.5,7
302,10,22
302,10.5,20
302,11,3
302,12,34
302,13,15
304,8,6
304,8.5,15
304,9,31
304,9.5,29
304,10,11
304,10.5,20
304,11,21
304,11.5,15
304,12,20
304,13,19
306,7.5,33
306,9.5,35
306,10,19
306,10.5,24
306,11,5
306,11.5,16
306,13,20
307,9.5,32
307,10.5,9
307,12,15
307,13,35
308,5.5,32
308,6.5,19
308,7,31
308,7.5,32
308,8,15
308,8.5,17
308,9,24
308,9.5,14
308,10,17
308,10.5,40
308,11,25
308,11.5,33
308,12,9
308,13,18
311,7,23
311,8,31
311,9,21
311,10,20
311,11,22
311,12,25
311,14,41
312,6,33
312,7,21
312,7.5,26
314,7,26
314,8,28
314,9,19
314,10,29
314,11,16
314,12,36
314,13,15
315,7,9
315,7.5,14
315,8,21
315,8.5,19
315,9.5,23
315,10.5,29
315,11.5,30
315,13,19
316,7,22
316,7.5,26
316,8,24
316,8.5,28
316,9,3
316,9.5,34
316,10,20
316,10.5,17
316,11,27
316,11.5,18
316,12,33
316,13,10
317,8,26
317,9,25
317,10,22
317,11,26
317,12,16
317,13,22
317,14,27
318,7,20
318,8,13
318,9,25
318,10,6
318,11,0
318,12,37
318,13,34
319,8.5,27
319,9,18
319,9.5,14
319,10,7
319,10.5,18
319,11,26
319,13,15
320,8,28
320,10.5,34
320,12,16
321,8,12
321,9,27
321,9.5,9
321,10,30
321,10.5,36
321,12,26
322,7.5,23
322,8.5,23
322,9,32
322,9.5,11
322,10,24
322,10.5,34
322,11,25
322,13,24
323,9,19
323,9.5,11
323,10,16
323,10.5,12
323,11,26
323,12,19
323,13,18
324,7.5,21
324,8,19
324,8.5,20
324,9,33
324,9.5,22
324,10,24
324,10.5,28
324,11,12
324,12,19
324,13,19
325,7.5,33
325,9,19
325,10,27
325,10.5,11
325,11,27
325,12,25
325,13,24
326,6,7
326,6.5,16
326,7,21
326,7.5,19
326,8,30
326,8.5,13
326,9,23
326,10,14
327,7.5,18
327,8,36
327,8.5,15
327,9,17
327,9.5,20
327,10,23
327,10.5,25
327,11,20
327,12,12
327,13,16
328,6,24
328,6.5,12
328,7,36
328,7.5,25
328,8,32
328,8.5,28
328,9,11
329,8,20
329,8.5,21
329,9,22
329,9.5,16
329,10,25
329,10.5,32
329,11,24
329,12,17
329,13,35
330,6.5,4
330,7,38
330,7.5,12
330,8,29
331,9,27
331,9.5,21
331,12,24
332,8,17
332,9,21
332,9.5,27
332,10,28
332,10.5,29
332,11,8
333,8,12
333,8.5,37
333,9,17
333,9.5,32
333,12,14
333,13,27
334,8,35
334,8.5,44
334,9,18
334,9.5,26
334,10,2
334,10.5,10
334,11,32
334,12,12
334,13,10
335,8,26
335,8.5,24
335,9,16
335,9.5,20
335,10,26
335,10.5,20
335,11,27
335,12,33
335,13,9
336,9,24
336,9.5,17
336,10,15
337,8.5,30
337,9,30
338,6.5,22
338,7,22
338,7.5,38
338,8,27
338,8.5,27
338,9,13
338,10,33
338,11,17
339,10,22
340,8,8
340,8.5,34
340,11,37
340,12,10
340,13,23
341,12,32
341,13,30
342,6,40
342,6.5,14
342,7,25
342,7.5,20
342,8,21
342,8.5,30
342,9,14
342,10,23
343,7,16
343,8,9
343,9,20
343,12,19
344,7,30
344,8,23
344,9,17
344,10,15
344,11,27
345,7.5,34
345,8,33
345,8.5,28
345,9,30
345,9.5,15
345,10,40
345,10.5,25
345,11,27
345,11.5,29
345,12,4
345,13,29
346,8,31
346,9,24
347,7.5,30
347,8,36
347,8.5,24
347,9,22
347,9.5,0
347,10,24
347,10.5,30
347,11,25
347,12,29
347,13,34
348,6,35
348,6.5,7
348,7,13
348,7.5,20
348,8,28
348,8.5,31
348,9,11
348,10,19
349,8,33
349,9,34
349,9.5,12
349,10,26
349,11,11
349,11.5,13
349,12,11
349,13,26
349,14,32
349,15,14
350,6,25
350,6.5,25
350,7,18
350,7.5,13
350,8,32
350,8.5,21
350,9,37
350,10,18
350,11,36
351,7.5,16
351,8,8
351,8.5,30
351,9,15
351,9.5,23
351,10,7
351,10.5,12
351,11,25
351,11.5,24
351,12,26
351,13,16
352,7.5,7
352,8,13
352,8.5,29
352,9,38
352,9.5,30
352,10,20
352,10.5,19
352,11,35
352,11.5,11
352,12,26
352,13,11
352,14,30
353,9,15
353,9.5,22
353,10,38
353,10.5,17
353,11,15
353,11.5,26
353,12,18
353,13,18
353,14,35
354,8,10
354,8.5,20
354,9,20
354,9.5,17
354,10,30
354,10.5,41
354,11,24
354,11.5,24
354,12,25
354,13,21
355,7.5,20
355,9,31
355,9.5,19
355,10,40
355,10.5,30
355,12,37
355,13,38
356,8.5,35
356,9,21
356,9.5,31
356,10.5,11
356,11,21
356,12,29
357,8,27
357,8.5,32
357,9,38
357,9.5,11
357,10,24
357,10.5,2
357,11.5,9
357,12,23
358,8,34
358,8.5,19
358,9,14
358,9.5,21
358,10,12
358,10.5,42
358,11,7
358,12,26
358,13,29
359,6.5,21
360,7,13
360,7.5,19
360,8,11
360,8.5,26
360,9,21
360,9.5,27
360,10,20
360,10.5,10
360,11,24
360,11.5,31
360,12,16
360,13,21
360,14,17
361,7,10
361,7.5,30
361,8,17
361,8.5,34
361,9,20
361,9.5,37
361,10,23
361,10.5,33
361,11,16
361,11.5,18
361,12,20
361,13,23
361,14,25
362,7.5,11
362,8,30
362,9,15
362,9.5,37
362,10,9
362,10.5,8
362,11,17
362,11.5,20
362,12,26
362,13,20
363,14,14
364,8.5,30
364,9,15
364,9.5,34
364,10,18
364,10.5,23
364,11,28
364,12,27
364,13,25
365,8.5,24
365,9,27
365,9.5,26
366,7,25
366,7.5,3
366,8,31
366,8.5,9
366,9,13
366,9.5,17
366,10,25
366,10.5,30
366,11,28
366,11.5,24
366,12,25
366,13,16
366,14,19
367,7,21
367,7.5,36
367,8,16
367,8.5,32
367,9,17
367,9.5,18
367,10,41
367,10.5,7
367,11,23
367,11.5,24
367,12,20
367,13,33
368,10,6
368,10.5,27
369,5.5,15
370,6,16
370,6.5,22
371,7,3
371,8.5,20
372,5.5,25
372,6,20
372,6.5,34
372,7,15
372,8.5,22
373,6,24
373,7,21
373,8,9
373,9,27
373,10,11
373,11,32
374,5.5,21
374,6,11
374,6.5,32
374,7,9
374,7.5,25
374,8,38
374,8.5,35
374,9,34
374,9.5,25
374,10,26
374,11,40
375,9,18
375,11,17
375,13,15
376,5.5,24
376,6,6
376,6.5,25
376,7,15
376,7.5,21
376,8,29
376,8.5,30
376,9,16
376,10,29
377,8,22
377,8.5,29
377,9,17
377,9.5,21
377,10,28
377,10.5,39
377,11,18
377,11.5,28
377,12,9
377,13,16
377,14,15
377,15,19
378,5.5,33
378,6,30
378,6.5,18
378,7,16
378,7.5,15
379,6,11
379,6.5,26
380,8,30
380,8.5,31
380,9,37
380,9.5,16
380,10,34
380,10.5,29
380,11,11
380,12,29
380,13,3
381,6,22
381,6.5,34
381,7,30
382,8,22
382,8.5,25
382,9,22
382,9.5,40
382,10,26
382,10.5,31
382,11,14
382,12,18
382,13,16
383,8.5,18
383,9.5,23
383,10,19
383,12,15
383,13,26
384,7,28
384,7.5,20
384,8,19
384,8.5,25
384,9,22
385,8,13
385,9,29
385,9.5,15
385,10,25
385,11,15
385,12,28
386,7.5,5
386,8,28
386,8.5,30
386,9,22
386,9.5,20
386,10,13
386,10.5,16
386,11,42
386,11.5,36
386,12,17
386,13,12
387,8,23
387,9,16
387,10,15
387,11,24
387,12,18
388,8,18
388,8.5,31
388,9,31
388,9.5,22
388,10,25
388,10.5,16
388,11,26
388,11.5,19
388,12,6
388,13,27
389,8,29
389,8.5,37
389,9.5,26
389,12,12
390,6,11
390,6.5,32
390,7,12
390,7.5,14
390,8,25
390,8.5,26
390,9,8
391,6,30
391,6.5,21
391,7,29
391,7.5,32
391,8,16
391,8.5,24
391,9,11
391,10,18
392,5.5,23
392,6,19
392,6.5,26
392,7,22
392,7.5,26
392,8,8
393,8,24
394,8,32
394,9,23
394,10,18
394,11,26
394,12,20
394,13,14
395,6,31
395,6.5,19
395,7,13
395,7.5,30
395,8,20
395,8.5,22
395,9,28
395,10,24
396,6,22
396,6.5,17
396,7,22
396,7.5,14
396,8,28
396,8.5,11
396,9,8
396,10,26
397,7,15
397,7.5,26
397,8.5,25
397,9.5,31
397,10.5,17
397,14,17
398,7,23
398,8,13
398,8.5,5
398,9,20
399,6,16
399,7,13
399,8,10
399,10,31
400,8,29
400,9,23
400,10,23
400,11,28
400,12,14
400,13,21
401,8,23
401,9,6
401,12,29
402,7.5,11
402,9.5,27
402,10,10
402,11,15
402,11.5,11
402,12,18
403,6,29
403,6.5,26
403,7.5,18
403,8,11
403,8.5,17
403,9,21
403,10,22
404,7,16
404,8,31
404,9,15
404,10,0
404,11,15
405,7.5,29
406,8,14
406,8.5,14
406,9,19
406,9.5,27
406,10,25
406,10.5,23
406,11,15
406,12,31
406,13,14
407,8,35
408,7.5,19
408,8,27
408,8.5,28
408,9,16
408,9.5,13
408,10,25
408,10.5,5
408,11,19
408,11.5,7
408,12,26
408,13,29
409,7.5,29
409,8,16
409,8.5,2
409,9,26
409,9.5,23
409,10,16
409,10.5,28
409,11,10
409,11.5,36
409,12,26
409,13,33
410,5.5,10
410,6,7
410,6.5,8
410,7,23
410,7.5,20
411,6.5,21
411,7.5,28
412,6,10
412,6.5,16
412,7,32
412,7.5,22
412,8,28
412,8.5,35
412,9,41
413,7,21
413,8,28
413,9,30
413,10,17
413,11,27
414,5,27
414,5.5,11
414,6,14
414,6.5,23
414,7,14
414,7.5,9
414,8,16
414,8.5,14
414,11,17
415,5,36
415,6,12
415,6.5,29
415,7,16
415,7.5,26
415,8,21
415,8.5,28
415,10,27
415,11,26
416,6.5,20
416,7,20
416,7.5,17
416,8,7
416,8.5,27
416,9,32
416,10,32
416,11,27
417,8.5,25
417,9,24
417,9.5,18
417,10,25
417,10.5,18
417,11,25
417,12,24
417,13,17
419,7,28
419,8,19
419,9,21
419,10,7
419,11,29
420,7.5,26
420,8,39
420,8.5,1
420,9,17
420,9.5,13
420,10,14
420,10.5,29
420,11,19
420,11.5,25
420,12,14
420,13,18
420,14,25
421,7,15
421,8,20
421,9,4
421,10,32
421,11,30
422,10,16
422,11,15
422,13,6
423,8,12
423,8.5,31
423,9,25
423,9.5,17
423,10,16
423,10.5,9
423,11,25
423,11.5,26
423,12,30
423,13,23
424,7.5,39
424,8,9
424,8.5,17
424,9,21
424,9.5,20
424,10,21
424,10.5,19
424,11,8
424,12,23
425,7.5,15
425,8,32
425,8.5,29
425,9,9
425,9.5,24
425,10,35
425,10.5,18
425,11,28
425,12,28
425,13,13
426,7,23
426,8,12
426,8.5,5
426,9,25
426,9.5,33
426,10,16
426,10.5,30
426,11,16
426,12,8
426,13,28
426,14,12
426,15,28
427,7,21
427,8,22
427,9,36
427,9.5,19
427,10,38
427,11,35
427,12,30
427,13,37
427,14,18
428,8,9
428,8.5,21
428,9,30
428,9.5,11
428,10,11
428,10.5,23
428,11,20
428,12,29
428,13,31
429,12,26
430,8,15
430,9,27
430,10,27
430,11,28
430,12,21
430,13,42
430,14,2
431,6.5,33
431,7,24
431,8,13
431,8.5,20
432,8,7
432,8.5,19
432,9,32
432,9.5,28
432,10,22
432,10.5,12
432,11,14
432,11.5,23
432,12,30
432,13,41
432,14,43
432,15,24
433,11.5,34
434,8,17
434,8.5,21
434,9,32
434,9.5,25
434,10,11
434,10.5,19
434,11,15
434,11.5,25
434,12,17
434,13,4
434,14,20
434,15,28
435,8,21
435,8.5,40
435,9,18
435,9.5,25
435,10,21
435,10.5,17
435,11,14
435,11.5,17
435,12,12
435,13,23
435,14,25
435,15,15
436,8,14
436,8.5,10
436,9,30
436,9.5,27
436,10,19
436,10.5,33
436,11,39
436,11.5,34
436,12,10
436,13,16
436,14,18
436,15,19
437,8,16
437,8.5,23
437,9,17
437,9.5,19
437,10,17
437,10.5,30
437,11,22
437,12,27
438,7.5,35
438,8,13
438,8.5,17
438,9,18
438,9.5,22
438,10,29
438,10.5,20
438,11,12
438,11.5,29
438,12,28
438,13,33
438,14,26
438,15,21
439,6,18
440,11.5,32
440,12,25
441,7.5,14
441,8.5,39
442,7,19
442,7.5,32
442,8,7
442,8.5,7
442,9,29
442,9.5,26
442,10,6
442,10.5,25
442,11,23
442,11.5,22
442,13,31
443,7.5,30
443,8,24
443,8.5,13
443,9,17
443,9.5,28
443,10,18
443,10.5,25
443,11,26
443,13,22
444,7.5,32
444,9,15
444,9.5,11
444,10,14
444,10.5,37
444,11,20
444,12,16
444,13,29
444,14,8
445,7.5,13
445,8,31
445,8.5,29
445,9,20
445,9.5,26
445,10,5
445,10.5,35
445,11,27
445,11.5,34
445,12,22
445,13,25
446,7.5,18
446,8,13
446,9,23
446,9.5,12
446,10,22
446,10.5,25
446,11,24
446,11.5,18
446,12,8
446,13,27
446,14,14
447,6.5,23
447,7,27
447,7.5,13
447,8,31
447,8.5,32
447,9,24
448,7,9
448,7.5,13
448,8,37
448,8.5,18
448,9,29
449,7,27
449,7.5,36
449,8,28
449,8.5,13
449,9,20
449,10,25
450,6,23
450,6.5,14
450,7,39
450,7.5,23
450,8,22
450,8.5,24
450,9,26
451,7,21
451,7.5,10
451,8,16
451,8.5,15
451,9,17
451,10,21
452,7,18
452,8,19
453,6,25
453,6.5,34
453,7,10
453,7.5,28
453,8,15
453,8.5,11
453,9,22
453,10,12
454,6,15
454,6.5,24
454,7,26
454,7.5,9
454,8,27
454,8.5,10
454,9,21
454,10,17
455,8.5,20
455,9,10
455,9.5,4
455,10,27
455,10.5,20
455,11,3
455,12,32
456,6,21
456,7,30
456,8,15
456,9,25
456,10,11
457,6,26
457,6.5,11
457,7,13
457,7.5,21
457,8,36
457,8.5,12
457,9,12
457,10,27
458,6,0
458,7,4
458,8,24
458,9,11
458,10,6
459,6,19
459,7,10
459,8,34
459,9,20
459,10,20
460,6,31
460,7,12
461,7,29
461,7.5,33
461,8,10
461,8.5,30
461,9,17
462,7,33
462,8,17
462,8.5,22
462,9,32
463,6.5,15
463,7,24
463,7.5,20
463,8,28
463,8.5,13
463,9,25
463,10,20
464,6,32
464,6.5,25
464,7,23
464,7.5,17
464,8,13
464,8.5,21
464,9,9
464,10,24
465,5.5,4
465,6,14
465,6.5,20
465,7,8
465,7.5,15
465,8.5,11
466,9,22
467,8.5,19
468,6,9
468,7,20
468,8,36
468,9,35
468,10,31
468,11,29
469,7,10
469,8,13
469,9,19
469,10,21
469,11,33
470,6,15
470,6.5,24
470,7,31
470,7.5,15
470,8,30
470,8.5,4
470,9,31
470,10,14
471,7.5,22
471,8,12
471,8.5,30
471,9,9
471,9.5,17
471,10,16
472,7,4
472,8,25
472,9,5
472,10,29
472,12,18
472,13,24
473,8,20
473,9,22
474,6,14
474,7,19
474,8,33
474,9,29
474,10,26
474,11,24
475,7,8
476,7,17
476,7.5,27
476,8,6
476,8.5,20
476,9,15
476,10,15
476,11,32
477,6,17
477,6.5,13
477,7,25
477,7.5,7
477,8,16
477,8.5,13
477,9,34
478,9.5,36
479,6,22
479,7,18
479,8.5,17
480,6,15
480,6.5,32
480,7.5,30
481,8,27
481,9.5,33
482,7.5,30
482,8,25
482,9.5,28
482,10,32
482,10.5,15
482,11,29
482,11.5,13
482,12,21
482,13,6
482,14,34
483,8,11
483,9,17
483,9.5,25
483,10,18
483,10.5,4
483,12,20
483,13,29
484,8,33
484,8.5,19
484,9,24
485,8,22
485,8.5,32
485,9,37
485,9.5,18
485,10,20
485,10.5,20
485,11,30
485,12,27
485,13,11
486,8,35
486,8.5,25
486,9,12
486,9.5,31
486,10,26
486,10.5,21
486,11,29
486,12,21
486,13,12
487,8,24
487,8.5,31
487,9,21
487,9.5,29
487,10,35
487,10.5,19
487,11,19
487,12,33
487,13,33
488,8,10
488,8.5,14
488,9,6
488,9.5,23
488,10,35
488,10.5,12
488,11,19
488,12,23
488,13,21
489,6.5,10
490,7.5,28
490,8,19
490,8.5,32
490,9,35
490,9.5,27
490,10,31
490,10.5,25
491,8.5,21
491,9,36
491,9.5,22
491,10,30
492,8.5,24
492,9,15
492,9.5,11
492,10,16
492,10.5,36
492,11,29
492,11.5,23
493,8,17
493,8.5,10
493,9,27
493,9.5,3
493,10,15
493,10.5,22
493,11,25
493,11.5,15
493,12,29
493,13,11
494,7.5,9
494,8,13
494,8.5,23
494,9,24
494,9.5,21
494,10,31
494,10.5,20
494,11,24
494,11.5,23
494,12,12
494,13,17
495,7.5,16
495,8,12
495,8.5,8
495,9,25
495,9.5,30
495,10,21
495,10.5,12
495,11,8
495,11.5,14
495,12,7
495,13,23
495,14,32
496,7.5,21
496,8,18
496,8.5,35
496,9,31
496,9.5,16
496,10,15
496,10.5,39
496,11,26
496,11.5,10
496,12,19
496,13,25
497,8,37
497,8.5,26
497,9,22
497,9.5,26
497,10,9
497,10.5,21
497,11,26
497,11.5,41
497,12,18
497,13,14
498,8.5,14
498,9,6
498,9.5,17
498,10,13
498,10.5,14
498,11,29
499,7,36
499,7.5,6
499,8,25
499,8.5,28
499,9,19
499,9.5,25
499,10,23
499,10.5,14
499,11,21
500,10,12
500,10.5,18
500,11,22
500,11.5,32
500,12,14
501,5.5,32
501,6,30
501,6.5,43
501,7,32
501,7.5,23
501,8,31
501,8.5,7
501,9,14
501,10,16
502,7,35
502,7.5,26
502,8,29
502,8.5,0
502,9,28
502,10,29
503,9.5,14
504,6,27
504,7,13
504,8,11
504,9,26
504,10,22
504,11,15
505,7,16
505,7.5,30
505,8,25
505,8.5,28
505,9,15
505,10,26
505,11,11
506,6,27
506,6.5,34
506,7,14
506,7.5,32
506,8,11
506,8.5,20
507,8.5,24
508,7,36
508,8,24
508,8.5,18
508,9,28
508,10,14
509,7,30
509,8,18
509,9,12
510,7,14
510,7.5,18
510,8,32
510,8.5,23
510,9,27
510,10,35
511,7,15
511,8.5,23
511,9,9
512,6,12
512,6.5,29
512,7,8
512,7.5,26
512,8,26
512,8.5,26
512,9,23
513,6,18
513,7,12
513,8,21
513,9,15
513,10,20
514,5.5,7
514,6,33
514,6.5,33
515,5.5,16
516,8,16
516,8.5,29
516,9,19
517,6.5,18
517,7,29
517,7.5,9
517,8,25
517,8.5,29
517,9,19
517,10,30
517,11,11
518,7.5,16
518,8,13
518,8.5,27
518,9,28
518,9.5,27
518,10,31
518,10.5,27
518,11,34
518,11.5,25
518,12,30
518,13,17
518,14,16
518,15,15
519,5.5,24
519,6,15
519,6.5,27
519,7,31
519,7.5,36
519,8,10
519,8.5,8
519,9,24
519,10,17
520,7.5,28
520,8,26
520,8.5,30
520,9,35
520,9.5,28
520,10,19
520,11,39
520,12,27
521,7,11
521,8.5,22
521,9,27
522,7,18
523,6,9
523,6.5,22
523,7,19
523,7.5,31
523,8,15
523,8.5,30
523,9,24
523,10,8
524,9,17
525,6,5
525,6.5,10
525,7.5,23
525,8,35
525,8.5,21
525,9,30
525,9.5,17
525,10,31
526,7,31
526,8,19
526,9,23
526,10,20
526,11,25
527,7,15
527,7.5,32
527,8,21
527,8.5,42
527,9,18
527,10,36
527,11,13
528,8.5,9
529,8,27
529,9,18
529,10.5,26
529,11,22
529,11.5,10
529,12,24
530,7,33
530,7.5,20
530,8,22
530,8.5,31
530,9,24
530,9.5,23
530,10,30
530,10.5,19
530,11,38
530,11.5,21
530,12,1
530,13,36
530,14,9
531,7,32
531,9.5,25
531,14,10
533,7.5,26
533,8,38
533,8.5,27
533,9,25
533,9.5,19
533,10,24
533,10.5,27
533,11,23
534,6,26
534,6.5,15
534,7,16
535,6,32
535,6.5,23
535,7.5,8
535,8,9
535,8.5,21
536,5.5,0
536,6,28
536,6.5,21
536,7,16
536,7.5,32
536,8,32
536,8.5,34
536,9,24
536,9.5,10
536,10,34
536,11,30
537,5.5,28
537,6,24
537,6.5,12
537,7,36
537,7.5,7
537,8,19
537,8.5,38
537,9,13
537,9.5,16
537,10,17
537,11,15
538,8,23
538,8.5,32
538,9,18
538,9.5,29
539,5.5,30
539,6,29
539,6.5,13
539,7,14
539,7.5,25
539,8,16
539,8.5,23
539,9,26
539,9.5,21
539,10,34
539,11,40
540,5.5,33
540,6,28
540,6.5,15
540,7,24
540,7.5,16
540,8,33
540,8.5,15
540,9,22
540,9.5,17
540,10,9
541,8.5,24
541,9,18
542,6,15
542,6.5,9
542,7,23
542,7.5,11
542,8,13
542,8.5,32
542,9,24
542,10,30
542,11,23
543,7,34
543,7.5,30
543,8,26
543,8.5,37
543,9,17
543,10,20
543,11,22
544,7,22
544,8,21
544,9,19
544,10,25
544,11,24
545,5.5,25
545,6,20
545,6.5,34
545,7,25
545,7.5,9
545,8,14
545,8.5,33
545,9,15
545,10,39
546,7.5,6
546,8,13
546,8.5,10
546,9,15
546,9.5,17
546,10,33
546,10.5,16
546,11,29
546,12,28
546,13,15
546,14,6
547,9,13
547,9.5,36
547,10,9
547,10.5,8
547,11,27
547,11.5,11
547,12,35
547,13,22
548,8,7
548,9,26
548,9.5,18
548,10,19
548,10.5,13
548,11,34
548,11.5,28
548,12,17
548,13,28
548,14,28
549,6.5,19
549,7,19
549,10,31
549,10.5,13
549,11,24
549,11.5,30
549,12,14
550,8,16
550,8.5,27
550,9,7
550,9.5,41
550,10,20
550,10.5,11
550,11,18
550,11.5,34
550,12,0
550,13,24
551,8,44
551,10,30
551,13,33
552,7,16
552,7.5,34
552,8,30
552,8.5,22
552,9,16
552,10,18
552,11,38
553,14,16
554,7,11
554,8,33
555,7.5,38
555,8,27
555,8.5,11
555,9,10
555,9.5,13
555,10,23
555,10.5,23
555,11,14
555,12,25
555,13,24
555,14,23
556,6,17
556,6.5,25
556,7,29
556,8,24
556,8.5,14
556,9,30
556,10,26
557,5.5,17
557,6,7
557,6.5,18
557,7,31
557,7.5,22
557,8,13
557,8.5,21
557,9,12
558,6,32
558,6.5,18
558,8,22
558,8.5,28
559,7.5,21
559,8,28
559,8.5,25
559,9,30
559,9.5,22
559,10,22
559,10.5,28
559,11,14
559,11.5,32
559,12,19
559,13,31
560,8.5,25
560,9,19
560,10,28
561,6,25
561,6.5,31
561,7,7
562,6,19
562,6.5,36
562,7.5,15
563,8.5,19
564,6,33
564,7,36
564,8,30
564,9,22
564,10,17
565,6,16
565,6.5,30
565,7,10
565,8,35
565,8.5,27
566,7,15
566,7.5,13
566,8,10
566,8.5,21
566,9,5
566,10,31
566,11,19
567,6,33
567,6.5,30
567,7,38
567,7.5,3
567,8,15
567,8.5,23
567,9,26
567,10,21
568,6,16
568,10,38
569,7.5,32
569,8,22
569,8.5,1
569,9,20
569,9.5,9
569,10,35
570,6,39
570,6.5,27
570,7,21
570,8.5,20
570,9.5,31
570,10.5,13
571,11.5,16
572,8,16
573,6,27
573,6.5,20
573,7,23
573,7.5,19
573,8,10
573,8.5,41
573,9,18
573,9.5,33
573,10,20
574,7.5,32
575,11.5,28
576,9.5,22
576,13,28
577,6,3
577,7,8
577,8,29
577,9,23
577,10,27
578,7.5,21
578,8.5,14
578,9,28
578,9.5,27
578,10,17
578,11,27
578,11.5,21
578,12,15
579,9,26
579,11.5,10
579,13,17
580,8,29
580,8.5,11
580,9,12
580,9.5,31
580,10,22
580,11,25
581,8,29
581,9,11
581,9.5,20
581,10,29
581,10.5,28
581,12,32
581,13,30
581,14,26
582,7,15
582,7.5,21
582,8,36
582,8.5,29
582,9,16
582,9.5,22
582,10,27
583,6.5,29
583,7,35
583,7.5,15
583,8,22
583,8.5,22
583,9,26
583,9.5,7
583,11,40
584,9,39
584,9.5,30
584,10,8
584,10.5,16
585,6,10
585,6.5,20
585,7,14
585,7.5,13
585,8,22
585,8.5,12
585,9,6
585,10,30
586,8,27
586,8.5,20
586,10,28
587,7,20
587,7.5,18
587,8,7
588,6,11
588,7,23
588,8,17
588,9,31
588,10,4
588,11,14
589,6,8
589,6.5,7
589,7,31
589,7.5,23
589,8,21
589,8.5,28
589,9,6
589,9.5,26
589,10,32
590,10.5,17
591,6,22
591,6.5,24
591,7,24
591,7.5,21
591,8,19
591,8.5,23
591,9,20
591,10,9
592,11,14
592,11.5,24
593,7,26
593,10,26
594,8,34
594,9,11
594,9.5,9
594,10,21
594,11,32
594,11.5,17
594,12,36
594,13,22
594,14,13
594,15,16
595,9,16
595,9.5,22
595,14,9
595,15,18
596,6,27
596,6.5,18
596,7,29
596,7.5,21
596,8,10
596,8.5,12
596,9,8
596,10,25
597,9.5,17
597,10,32
597,10.5,38
597,11,12
598,10,23
598,10.5,28
598,11,17
599,7.5,21
599,8,21
599,8.5,24
599,9,24
599,9.5,16
599,10,22
599,10.5,14
599,11,17
599,11.5,20
599,12,31
599,13,5
600,8.5,7
601,7,11
601,8,23
602,8,20
602,8.5,16
602,9,26
602,9.5,19
602,10,9
602,10.5,15
602,11,17
603,7,12
603,8,24
603,9,18
603,10,20
603,11,18
603,12,32
603,13,13
604,6,24
604,7,35
604,8,23
604,9,16
604,10,23
604,11,27
605,7.5,15
605,8,25
605,8.5,11
605,9,26
605,9.5,25
605,10,18
605,10.5,36
605,11,16
605,12,29
606,9,28
606,11,9
606,13,34
607,11,6
607,13,20
608,7,15
608,7.5,28
608,8,16
608,8.5,41
608,9,10
608,9.5,24
608,10,24
608,10.5,18
608,11,11
609,8,25
609,8.5,22
609,9.5,2
609,10,21
609,10.5,28
609,11,2
609,11.5,12
609,12,33
610,7,4
610,7.5,31
610,8,29
610,8.5,24
610,9,27
610,9.5,11
610,10,17
610,10.5,17
610,11,22
611,5.5,22
611,6,18
611,7,23
611,7.5,19
611,8,23
611,8.5,21
611,9,38
611,9.5,16
611,10,22
611,10.5,33
611,11,26
612,7,19
612,8,37
612,8.5,26
612,9,19
612,9.5,16
612,10,16
612,10.5,16
612,11,29
612,11.5,23
612,12,7
612,13,22
612,14,20
612,15,18
612,16,18
612,17,27
612,18,17
613,9,13
614,13,14
615,8,16
615,8.5,32
615,9,27
615,9.5,21
615,10,20
615,10.5,12
615,11,34
616,6,25
616,6.5,2
616,7,32
616,7.5,29
616,8,25
616,8.5,31
616,9,10
616,10,18
617,10.5,18
618,8.5,24
618,9,29
618,9.5,21
618,10,13
618,10.5,13
618,11,9
618,12,25
618,13,42
619,7,30
619,7.5,21
619,8,30
619,9,27
619,9.5,29
619,10,33
619,10.5,21
619,11,22
619,11.5,15
619,12,16
619,13,10
619,14,20
620,7,9
620,8,4
620,9,17
620,10,19
620,11,16
620,12,14
620,13,15
621,8.5,23
621,9,30
621,9.5,23
621,10,42
621,10.5,25
621,11,15
621,12,27
621,13,37
622,7.5,29
622,8,34
622,8.5,24
622,9,23
622,9.5,32
622,10,19
622,10.5,20
622,11,21
622,11.5,5
622,12,26
622,13,16
623,6.5,7
623,7,8
623,7.5,14
624,6,24
624,6.5,20
625,6,20
626,6,27
627,6,44
627,6.5,22
627,7,13
627,7.5,11
627,8,23
627,8.5,18
627,9,14
627,10,37
628,6,9
628,6.5,12
628,7,15
628,8,32
628,8.5,15
628,9,9
629,7,26
629,8,22
629,9,16
629,10,20
630,8.5,33
630,9,24
630,9.5,21
630,10,37
630,10.5,18
630,11,11
630,12,11
631,6,26
631,6.5,15
631,7,32
631,7.5,23
631,8,35
631,8.5,19
631,9,17
632,6,8
632,6.5,20
632,7,15
632,7.5,21
632,8,26
632,8.5,37
632,9,14
632,10,11
632,11,12
633,6,17
634,7,27
634,7.5,25
634,8,30
634,8.5,19
634,9,4
634,9.5,3
635,7,31
635,7.5,22
635,8,35
635,8.5,11
635,9,10
635,9.5,23
635,10,30
636,6,27
636,6.5,13
636,7.5,31
636,8,14
636,8.5,17
636,9,17
637,7,34
637,8,15
637,9,20
637,10,9
637,11,18
638,7,11
638,7.5,15
638,8,9
638,8.5,16
638,9,22
638,10,12
639,8,27
639,8.5,28
639,10.5,19
639,11,11
639,12,25
640,8,11
640,8.5,30
640,9,18
640,9.5,12
640,10,33
640,10.5,12
640,11,33
640,12,23
640,13,28
641,7,24
641,8,15
641,8.5,15
641,9,11
641,10,29
642,6,22
642,6.5,25
642,7,14
642,7.5,6
642,8,29
642,8.5,23
642,9,18
642,10,29
643,8,26
643,8.5,27
643,9,19
644,5.5,18
644,6.5,14
644,7,32
645,7,15
645,7.5,13
645,8,25
645,8.5,18
645,9,33
645,10,34
645,11,28
646,8,21
646,9,24
646,10.5,21
647,9,21
647,9.5,28
647,10.5,29
647,11,32
647,12,18
647,13,29
648,7,20
648,7.5,17
648,8,12
648,8.5,33
648,9,22
648,10,43
648,11,19
649,7,12
649,7.5,27
649,8,23
649,8.5,21
649,9,29
649,9.5,9
649,10,19
649,10.5,28
649,11,20
649,11.5,35
649,12,18
649,13,34
649,14,28
650,6,13
650,6.5,13
650,7,23
650,7.5,17
650,8,17
650,8.5,18
650,9,26
650,10,12
651,7.5,24
651,8,16
651,8.5,27
651,9,31
651,9.5,31
651,10,19
651,10.5,22
651,11,26
651,11.5,21
651,12,20
651,13,34
652,10.5,20
653,8,14
653,8.5,17
653,9,34
653,9.5,20
653,10,16
653,11,22
653,11.5,10
654,8,18
655,7.5,25
655,8,22
655,8.5,21
655,9,9
655,9.5,17
655,10,18
655,10.5,29
656,7.5,31
656,8,17
656,8.5,27
656,9,17
656,10,11
657,6,26
657,6.5,12
657,7,2
657,7.5,34
657,8,13
657,8.5,23
658,6,19
658,6.5,24
658,7,23
658,7.5,23
658,8,13
658,8.5,24
658,9,18
658,10,35
659,6,31
659,6.5,19
659,7,20
659,7.5,9
659,8,5
659,8.5,6
659,9,6
659,10,15
660,6,20
660,6.5,12
660,7.5,38
660,8,30
660,8.5,5
660,9,37
661,6,27
661,6.5,21
661,8.5,26
661,9,27
662,7,31
662,7.5,16
662,8,18
662,8.5,31
662,9,23
662,10,37
662,11,37
663,8,13
663,8.5,8
663,9,32
663,9.5,0
664,5,19
665,5,29
665,5.5,15
665,6,14
665,6.5,11
665,7.5,33
665,8,13
665,8.5,37
666,5,27
666,5.5,16
666,6,22
666,6.5,32
666,7,26
666,7.5,41
666,8.5,14
666,10,10
667,5.5,32
667,6,20
667,6.5,24
667,7.5,3
667,9,30
668,7.5,17
668,8,10
668,8.5,17
669,6,16
669,6.5,14
669,7,17
669,7.5,26
669,8,12
669,8.5,23
669,9,27
669,10,39
670,6,32
670,6.5,32
670,7,17
670,7.5,16
670,8,34
670,8.5,35
670,9,31
670,9.5,31
670,10,9
671,6,27
672,6,16
672,7,23
672,7.5,16
673,8.5,21
673,9,35
674,7.5,20
674,8,24
675,7,18
675,7.5,9
675,8,18
675,8.5,21
675,9,33
675,9.5,27
675,10,43
675,10.5,17
679,6,25
679,6.5,5
679,7,21
679,7.5,25
679,8,14
679,8.5,27
679,9,18
679,10,24
680,6,33
680,7.5,12
680,8,23
680,8.5,4
680,9,23
680,10,12
681,6,13
681,6.5,12
681,7,27
681,7.5,19
681,8,12
681,8.5,4
681,9,9
681,10,24
681,11,10
682,8.5,10
683,8.5,6
683,9,17
684,7,20
684,8,22
684,9,25
684,10,13
684,12,18
684,13,11
685,7.5,27
685,8,39
685,8.5,4
685,9,18
685,9.5,10
685,10.5,10
685,11,33
686,7.5,24
686,8,36
686,8.5,25
686,9,15
686,9.5,27
686,10,25
686,10.5,21
686,11,10
686,12,31
687,6,19
687,6.5,23
687,7,16
687,8,26
687,8.5,35
688,9,31
688,10,22
688,10.5,34
689,6,9
689,6.5,20
689,7.5,25
689,8,17
690,5.5,21
690,6,19
690,6.5,20
690,7,11
690,7.5,25
690,8,27
690,8.5,28
690,9,30
690,10,26
691,5.5,11
691,6,7
691,6.5,24
691,7,30
691,7.5,29
691,8,13
691,8.5,19
691,9,23
691,10,23
692,8,29
692,9,26
692,10,27
692,11,18
692,12,17
692,13,33
693,7,26
693,9,20
693,9.5,15
693,11,22
693,11.5,13
693,13,8
694,7.5,36
694,8,25
694,8.5,19
694,9,8
694,9.5,8
694,10,10
694,10.5,23
695,8,26
695,8.5,24
695,10,13
695,10.5,23
695,11.5,26
696,7,17
696,7.5,20
696,8,19
696,8.5,30
696,9,15
696,9.5,19
696,10,28
696,10.5,16
696,11,29
696,11.5,9
696,12,21
696,13,26
697,6,18
698,6,29
698,6.5,31
698,7,23
698,7.5,32
698,8,20
698,8.5,6
698,9,6
698,10,34
699,6,17
699,6.5,14
700,8,31
700,8.5,23
700,9,35
700,9.5,43
700,10,25
700,10.5,12
700,11,19
700,11.5,15
700,12,21
701,8,22
701,8.5,22
701,9,26
701,9.5,35
701,10,6
701,11,11
702,7,21
702,7.5,17
702,8,2
702,8.5,25
702,9,5
702,10,22
702,11,17
703,5,16
703,5.5,13
703,6,22
704,8,13
705,5.5,21
705,6,26
705,6.5,4
705,7,22
705,7.5,10
705,8,21
705,8.5,17
705,9,25
705,10,31
706,7,22
706,7.5,31
706,8,41
706,8.5,17
706,9,14
706,10,28
706,11,29
707,7,24
707,8,20
707,9,35
707,10,36
707,11,15
708,7,31
708,8,39
708,9,26
708,10,16
708,11,36
709,8,45
709,9,17
709,10,31
709,11,34
709,12,33
709,13,20
710,7,20
710,7.5,29
710,8,25
710,8.5,15
710,9,25
710,11,17
711,6.5,16
711,8,22
711,8.5,8
712,7,16
712,7.5,17
712,8.5,28
713,8,27
713,8.5,17
713,9,11
713,9.5,32
713,10,22
713,10.5,6
713,11,19
713,11.5,22
713,12,17
713,13,22
714,5,31
714,5.5,24
714,6,28
714,6.5,32
714,9,18
715,8.5,16
715,9,25
716,8,24
716,8.5,36
716,9.5,26
716,11,27
717,8.5,18
717,9,24
717,11.5,15
718,9,15
718,13,34
718,14,27
719,8.5,6
719,9,28
719,9.5,12
719,10.5,25
719,11,23
719,11.5,35
719,12,22
719,13,38
719,14,23
720,8,9
720,8.5,24
720,9,28
720,9.5,15
720,10,20
720,10.5,22
720,11,26
720,12,22
720,13,22
721,8,16
721,8.5,32
721,10,17
721,10.5,17
722,7,29
722,8,13
722,9,24
722,10,4
722,11,32
723,7,27
723,8,23
723,9,31
723,10,34
723,11,30
724,6.5,38
724,7.5,18
724,8,33
724,11,10
725,6,28
725,6.5,26
725,7,22
725,7.5,20
725,8,9
725,8.5,12
725,9,27
725,10,34
726,6,16
726,7,25
726,8,29
726,9,37
726,10,30
726,11,7
727,6,11
727,6.5,27
727,7,18
727,7.5,29
727,8,29
727,8.5,13
727,10,23
728,7.5,29
728,8,8
728,8.5,40
728,9,39
728,9.5,26
728,10,30
728,10.5,24
728,11,23
728,12,23
729,7.5,15
729,8,30
729,8.5,27
729,9,20
729,9.5,34
729,10,25
729,10.5,18
729,11,27
729,12,20
729,13,29
730,7,26
730,7.5,19
730,8,22
730,8.5,31
730,9,21
730,9.5,13
730,10,36
730,10.5,10
730,11,22
730,12,27
731,7.5,20
731,8,18
731,8.5,31
731,9,10
731,9.5,19
731,10,35
731,10.5,11
731,11,37
732,5,35
732,6,25
732,7,6
733,8,37
733,8.5,13
733,9,7
733,9.5,19
733,10,37
733,11,16
733,12,18
734,7.5,25
734,8,30
734,8.5,42
734,11,36
735,7,26
735,7.5,22
735,8,13
735,8.5,39
735,9,23
735,9.5,34
735,10,30
735,10.5,21
735,11,11
735,11.5,16
735,12,15
735,13,10
736,5.5,8
736,6,12
736,6.5,18
736,7,20
736,7.5,45
737,5.5,15
737,6,13
737,6.5,14
737,7,12
738,9,21
738,9.5,17
738,10,33
738,10.5,22
738,12,11
738,13,36
739,6,29
739,6.5,21
739,7,15
739,7.5,29
739,8,44
739,8.5,19
739,9,1
739,10,17
740,8,25
740,9.5,11
740,10,29
740,10.5,14
740,11,17
740,11.5,20
740,12,14
740,13,29
740,14,20
741,8,30
741,8.5,10
741,9,28
741,9.5,19
741,10,18
741,10.5,30
741,11,25
741,11.5,23
741,12,0
741,13,18
742,5.5,12
742,6,12
742,6.5,21
742,7,30
742,7.5,4
742,8,8
742,8.5,16
742,9,12
742,9.5,3
742,10,26
742,10.5,22
742,11,12
743,5.5,13
743,6.5,23
743,7,9
743,7.5,27
743,8,10
743,10,20
744,6,16
744,7,25
745,6,22
745,7,13
745,8,21
745,9,33
745,10,20
746,7.5,22
746,9,20
746,9.5,19
746,10.5,19
746,12,17
747,10,12
748,9.5,24
749,7,39
749,7.5,20
749,8,14
749,8.5,11
749,9,18
749,10,19
750,6,17
750,6.5,13
750,8,21
750,8.5,8
750,9,34
751,8,4
751,10.5,30
751,11,29
751,11.5,29
752,10,5
752,10.5,22
752,11,22
752,11.5,33
752,12,33
752,13,25
753,8,22
753,10,6
754,6,24
754,6.5,30
755,8,18
755,9,32
755,9.5,16
755,10,25
755,10.5,28
755,11,24
756,8,16
756,8.5,17
756,9,30
756,9.5,19
756,10,26
756,10.5,23
756,11,11
756,12,19
757,8,30
757,8.5,35
757,9,29
757,9.5,24
757,10,16
757,10.5,31
757,11,10
757,12,26
757,13,26
758,8,22
758,8.5,29
758,9.5,20
758,10,8
758,10.5,36
758,11,10
758,12,13
759,5.5,28
759,6,15
759,6.5,14
759,7,21
759,7.5,26
760,10,21
761,8,4
761,8.5,10
761,9,21
761,9.5,18
761,10,14
761,10.5,22
761,13,25
762,7,16
762,7.5,17
762,8,30
762,8.5,24
762,9,34
762,10,11
763,6,25
763,6.5,32
763,7,30
763,7.5,32
763,8,28
763,8.5,14
763,9,14
763,10,31
764,5.5,29
764,6,19
764,6.5,31
764,7,11
764,7.5,17
764,8,5
764,8.5,12
764,9,35
764,10,4
765,7,33
765,7.5,38
765,8,10
765,8.5,13
765,9,17
765,9.5,15
765,10,14
765,10.5,21
765,11,29
765,11.5,10
765,12,34
765,13,23
766,7,21
766,7.5,22
766,8,12
766,9,21
766,9.5,22
766,10,23
766,10.5,24
766,11,27
766,11.5,33
766,12,20
767,7,34
767,7.5,10
767,8.5,37
767,9,26
767,9.5,39
767,10,25
767,10.5,34
767,11,9
767,11.5,36
767,12,17
767,13,23
768,6,5
768,6.5,30
768,7,26
768,7.5,15
768,8,27
768,8.5,36
768,9,18
768,10,23
769,9,18
769,9.5,27
769,10.5,27
769,11,18
769,12,21
769,13,23
770,5.5,29
770,6,21
770,6.5,22
771,7,18
771,8,31
771,9,26
771,10,11
771,11,12
771,12,13
771,13,13
772,6.5,34
773,8,25
773,8.5,13
773,9,26
773,9.5,12
773,10,6
773,10.5,25
773,11,15
773,12,19
773,13,25
774,7.5,7
774,8,10
774,8.5,10
774,9,19
774,10,29
775,8,27
775,8.5,37
775,9,28
775,9.5,15
775,10,6
775,10.5,19
775,11,15
777,6,16
777,7,33
777,8,25
777,9,15
777,10,16
778,9,4
778,9.5,25
779,9,40
779,9.5,24
780,8,33
780,8.5,16
780,9,19
780,9.5,24
780,10,24
780,10.5,7
780,11,23
780,11.5,29
786,6,14
786,7,10
786,7.5,14
786,8,32
786,8.5,29
786,9,18
786,10,5
787,7,5
787,7.5,27
787,8,11
787,8.5,18
787,9,14
787,10,16
787,11,21
788,7,14
788,8.5,17
788,9,10
789,6,10
789,6.5,28
789,7,24
789,7.5,29
789,8,16
789,8.5,6
789,9,25
789,10,33
790,6,21
790,6.5,19
790,7,18
790,7.5,22
790,8,17
790,8.5,22
790,9,14
790,10,3
791,7,23
791,8,26
791,9,26
791,11,15
792,5.5,24
793,7.5,16
793,8,14
793,8.5,24
793,9,23
793,9.5,31
793,10,15
793,10.5,24
794,9.5,32
795,6,25
796,5.5,31
796,6,38
796,6.5,25
796,7,23
797,7.5,31
797,8,9
797,8.5,24
797,9,18
797,9.5,17
797,10,16
797,10.5,9
798,10.5,6
798,11,34
798,12,16
798,13,29
799,8,30
800,7.5,28
800,8,20
800,8.5,22
800,9,28
800,9.5,14
800,10,14
800,10.5,30
800,11,9
800,11.5,22
801,6,23
801,6.5,17
801,7,30
801,7.5,29
801,8,24
801,8.5,21
801,9,22
801,10,26
802,7,19
802,8.5,15
803,8.5,31
803,9,12
804,6,9
804,6.5,35
805,7,32
805,7.5,16
805,8,36
805,8.5,29
805,9,30
805,9.5,17
806,5,33
806,6,14
806,7,35
806,8,8
806,9,17
807,8.5,37
807,9,17
808,8.5,23
808,9,37
809,7,43
809,7.5,25
809,8,14
809,8.5,25
809,9,7
809,9.5,31
809,10,29
809,10.5,10
809,11,29
809,11.5,12
809,12,19
809,13,24
810,8,11
810,9,18
810,10,9
810,11,20
810,12,21
810,13,22
811,7.5,8
811,8.5,25
811,9,9
811,9.5,21
811,10,24
811,10.5,16
811,11,29
811,12,11
812,8.5,36
812,9.5,13
813,8.5,29
813,9,26
813,9.5,28
813,10,10
813,10.5,16
813,11,19
813,12,23
813,13,16
814,6,22
814,6.5,33
814,7,8
814,7.5,27
814,8,25
814,8.5,36
814,9,28
814,10,37
815,8,8
815,8.5,15
815,9,15
815,9.5,21
815,10,20
815,10.5,11
815,11,26
815,12,22
815,13,13
816,5.5,29
816,6,33
816,6.5,28
816,7,26
816,7.5,33
816,8,29
816,8.5,27
816,9,30
816,10,36
817,7,20
818,7,29
818,7.5,22
818,8,17
818,8.5,33
818,9,16
818,10,10
818,11,16
819,6,26
819,6.5,19
819,7,16
819,7.5,32
820,9.5,19
821,7,11
821,8,20
821,8.5,4
821,9,39
821,9.5,22
821,10,21
821,10.5,22
821,11,20
821,12,30
822,8.5,3
822,9,17
822,9.5,33
822,10,29
822,10.5,27
822,11,22
822,12,22
822,13,12
823,7,36
823,8,29
823,9,27
823,10,20
823,11,31
823,12,24
823,13,10
824,7,27
824,8,15
824,9,30
824,10,24
824,11,31
825,8,21
825,8.5,24
825,9,26
825,10,33
826,7,10
826,7.5,34
826,8,21
826,8.5,36
826,9,27
827,7.5,30
827,8,7
827,9,33
828,6,44
828,6.5,18
828,8,18
828,8.5,12
829,7,21
829,7.5,36
829,8,14
829,8.5,20
829,9,25
829,10,20
829,11,22
830,6,29
830,6.5,31
830,7,30
830,7.5,7
830,8,18
830,8.5,18
831,6,7
831,6.5,28
831,7,23
832,6,30
832,6.5,19
832,7,17
832,7.5,3
832,8,23
832,8.5,19
832,9,22
832,10,22
833,9.5,27
834,6,7
834,6.5,22
834,7,34
834,7.5,30
834,8,15
834,8.5,30
835,7.5,23
835,8,12
835,8.5,15
835,9,25
836,7,22
836,7.5,28
836,8,25
836,8.5,15
837,7,16
837,7.5,28
837,8,26
837,8.5,24
837,9,26
837,10,16
838,9,27
839,6,13
839,8.5,22
839,9,13
840,6.5,8
840,9,42
840,9.5,28
841,7,7
841,8,26
841,8.5,18
841,9,8
842,7,26
842,7.5,28
842,8,32
842,8.5,20
842,9,25
842,10,39
843,6.5,11
843,7,39
843,7.5,22
843,8,15
843,8.5,18
843,9,19
843,10,25
843,11,7
844,8,15
844,8.5,25
844,9,26
844,9.5,18
844,10,27
844,10.5,20
844,11,21
844,11.5,24
844,12,21
844,13,24
845,7,25
845,7.5,14
845,8,17
845,8.5,23
845,9,25
846,7,35
846,7.5,33
846,8,22
846,8.5,11
846,9,14
846,10,19
846,11,26
847,7,26
847,7.5,19
847,8,20
847,8.5,38
847,9,21
847,10,28
847,11,14
848,6,14
848,6.5,29
848,7,34
848,7.5,30
848,8,17
848,8.5,29
848,9,30
848,10,33
849,8,18
849,8.5,29
849,9,27
849,9.5,12
849,10,5
849,10.5,39
849,11,27
849,11.5,28
849,12,27
849,13,5
849,14,27
849,15,26
850,6.5,25
850,7,39
850,7.5,24
850,8,19
850,8.5,39
850,9,12
850,10,25
850,11,16
851,6.5,13
851,7,15
852,7,26
852,7.5,11
852,8,26
852,9,18
852,11,35
852,11.5,20
852,13,21
853,7,10
853,8,35
853,8.5,26
853,9,25
853,9.5,20
853,10,20
853,10.5,28
853,11,11
853,11.5,23
853,12,20
853,13,25
853,14,23
853,15,29
854,7,20
854,7.5,23
854,8,27
854,8.5,11
854,9,30
854,9.5,15
854,10,27
854,10.5,12
854,11,18
854,11.5,24
854,12,10
854,13,26
854,14,16
854,15,28
855,7.5,25
855,8,24
855,8.5,26
855,9,44
855,9.5,29
855,10,22
855,10.5,23
855,11,8
855,12,24
855,13,8
855,14,18
855,15,27
856,7.5,19
856,8,17
856,9,17
856,10,7
856,11,17
856,12,24
856,15,27
857,7,16
857,7.5,24
857,8,17
857,8.5,6
857,9,25
857,9.5,43
857,10,24
857,11,15
857,11.5,20
857,12,23
857,13,23
857,14,4
857,15,14
858,7,13
859,8,25
859,8.5,23
859,9,8
859,9.5,20
859,10,3
859,10.5,1
859,11,29
859,12,20
859,13,39
859,14,36
859,15,18
860,8,22
860,9,10
860,10.5,41
860,11,27
860,12,9
860,14,22
860,15,13
861,7,14
861,7.5,25
861,8,29
861,8.5,26
861,9,14
861,9.5,23
861,10,26
861,10.5,15
861,11,13
861,11.5,11
861,12,28
861,13,32
861,14,20
861,15,10
862,7.5,2
862,9,40
862,10,25
863,7,22
863,8,9
863,9,27
864,7,22
864,8,14
864,8.5,24
864,9,37
864,9.5,28
864,10,15
864,10.5,22
864,11,15
864,11.5,17
864,12,36
864,13,35
864,14,28
864,15,26
865,7,26
865,7.5,18
865,8,30
865,8.5,2
865,9,20
865,9.5,33
865,10,15
865,10.5,12
865,11,20
865,11.5,31
865,12,22
865,13,15
865,14,18
866,7,34
866,8.5,27
866,9,18
866,9.5,11
866,10,28
866,10.5,5
866,11.5,21
866,12,27
866,13,12
866,14,22
866,15,30
867,7.5,9
867,8,24
868,7,14
868,7.5,10
868,8,17
868,8.5,9
868,9,35
868,9.5,27
868,10,19
868,10.5,21
868,11,23
868,11.5,21
868,12,36
868,13,39
868,14,30
868,15,42
869,7,28
869,7.5,17
869,8,14
869,8.5,13
869,9,22
869,9.5,17
869,10,30
869,10.5,30
869,11,16
869,11.5,30
869,12,12
869,13,10
869,14,10
869,15,16
870,7,22
870,7.5,17
870,8,33
870,8.5,21
870,9,10
870,9.5,27
870,10,38
870,10.5,25
870,11,1
870,11.5,9
870,12,17
870,13,27
870,14,14
870,15,40
871,8,24
871,9,26
871,10,44
871,14,27
871,15,28
872,7,27
872,8,33
872,9,16
872,12,27
872,13,14
872,14,16
873,8.5,1
873,9,15
873,9.5,20
873,15,18
874,10.5,24
874,11,16
874,11.5,31
874,12,19
875,7,17
875,7.5,12
875,8,19
875,8.5,27
875,9,14
875,9.5,35
875,10,28
875,10.5,24
875,11,16
875,11.5,31
875,12,24
875,13,9
875,14,6
876,9,37
876,9.5,4
876,10,36
876,10.5,12
876,11,15
876,11.5,31
876,12,17
876,13,26
876,14,16
876,15,22
877,8,33
877,9,27
877,9.5,34
878,7,37
878,7.5,32
878,8,28
878,8.5,15
878,9,19
878,9.5,10
878,10,19
878,10.5,26
878,11,22
878,12,39
878,13,24
878,14,27
878,15,15
878,16,18
878,17,5
878,18,21
879,7,33
879,7.5,31
879,8,23
879,8.5,10
879,9,23
879,9.5,5
879,10.5,21
879,11,33
879,11.5,16
879,12,24
879,13,25
879,14,28
879,17,21
879,18,30
880,8,15
880,8.5,18
881,7,18
881,7.5,27
881,8,24
881,8.5,25
881,9,12
881,9.5,12
881,10,16
881,10.5,18
881,11,33
881,11.5,18
881,12,24
881,13,33
881,14,16
881,15,16
881,17,18
881,18,14
882,9.5,9
882,10,20
882,10.5,24
882,11,29
882,12,10
882,14,18
882,15,31
883,9,26
884,7.5,22
884,8,10
884,8.5,13
884,9,13
884,9.5,6
884,10,37
884,10.5,6
884,11,28
884,12,19
884,13,26
884,14,30
884,15,17
885,8,22
885,9,23
885,9.5,18
885,10,32
885,10.5,26
885,11,22
885,13,31
885,15,23
885,18,10
886,7,16
886,7.5,15
886,8.5,23
886,9,23
886,9.5,34
886,10,8
886,10.5,31
886,11,30
886,12,22
886,13,32
886,14,22
886,15,19
886,17,34
886,18,26
887,7,26
887,7.5,25
887,8,21
887,8.5,28
887,9,26
887,9.5,26
887,10,18
887,10.5,10
887,11,25
887,11.5,30
887,12,7
887,13,34
887,14,12
887,15,20
887,17,24
887,18,11
888,7.5,16
888,8,27
888,8.5,0
888,9.5,38
888,10.5,24
888,11.5,13
888,12,29
888,13,11
888,14,17
888,15,28
889,9.5,15
889,14,17
889,15,15
890,7,29
890,9.5,16
891,9,30
891,9.5,17
891,10,23
891,10.5,46
892,9,37
892,9.5,20
892,10,12
893,7,29
893,8,18
893,9,20
893,9.5,12
894,7.5,13
894,8,20
894,11.5,21
894,12,21
894,13,14
894,15,17
895,8,15
895,9,14
895,9.5,15
895,10,29
895,13,28
896,9.5,17
897,7,28
897,7.5,16
897,8,25
897,8.5,34
897,9,30
897,9.5,12
897,10,17
897,10.5,39
897,11,15
897,11.5,25
897,12,24
897,13,13
897,14,10
898,7,11
898,7.5,24
898,8.5,32
898,9,31
898,9.5,19
898,10,20
898,10.5,19
898,11.5,7
898,12,21
898,13,36
898,14,17
898,15,15
899,7,32
899,7.5,22
899,8,32
899,9,29
899,10,12
899,12,13
899,13,23
899,14,21
899,15,23
900,9,22
900,9.5,10
900,10,15
900,10.5,25
900,11,21
900,11.5,39
900,12,21
900,13,12
900,14,15
900,15,9
900,16,13
900,17,25
900,18,31
901,7,22
901,7.5,30
901,8,33
901,8.5,28
901,9,28
901,9.5,20
901,10,12
901,10.5,32
901,11,13
901,11.5,36
901,12,21
901,13,23
901,14,13
901,15,21
901,16,33
901,17,24
901,18,20
902,7,16
902,7.5,16
902,8,12
902,8.5,21
902,9,35
902,9.5,33
902,10,38
902,10.5,31
902,11,7
902,12,26
902,13,10
902,14,41
902,15,20
903,7.5,20
903,8,18
903,9,22
903,9.5,18
903,10,23
903,11.5,30
903,12,19
903,14,34
903,15,18
904,9,23
904,10,13
904,11.5,30
904,12,37
904,13,21
904,14,19
904,15,24
905,7,13
905,7.5,20
905,8,29
905,8.5,36
905,9,29
905,10,14
905,11,12
906,8,21
906,9,27
906,10,30
906,11,23
906,12,30
906,13,15
907,8.5,12
907,9,37
908,9,28
908,9.5,22
908,10,31
908,10.5,19
908,11,34
908,12,26
908,13,12
908,14,22
909,8.5,13
909,9,32
909,9.5,35
909,10,21
909,10.5,41
909,11,30
909,12,18
909,13,13
910,6,37
910,6.5,31
910,7,13
910,8,20
910,8.5,20
910,9,30
911,7,15
911,8,13
911,8.5,23
911,9,33
912,7,6
912,7.5,16
912,8,29
912,8.5,15
912,9,22
912,9.5,11
912,10,19
912,10.5,24
912,11,29
912,11.5,35
912,12,34
912,13,24
912,14,26
913,7,16
913,7.5,7
913,8,11
913,8.5,12
913,9,10
913,9.5,23
913,10,33
913,10.5,1
914,7,42
914,7.5,23
914,8.5,28
914,9,15
914,9.5,15
914,10,9
915,7,18
915,7.5,32
915,8,22
915,8.5,21
915,9,26
915,9.5,30
915,10,35
915,10.5,29
915,11,26
915,11.5,11
915,12,26
915,13,26
915,14,17
916,7,24
916,7.5,24
916,8,26
916,8.5,19
916,9,27
916,9.5,15
916,10,14
916,10.5,16
916,11,33
916,11.5,17
916,12,34
916,13,14
916,14,22
917,8.5,34
917,9,16
917,9.5,29
917,10,19
918,5.5,36
918,6,10
918,6.5,28
918,7,19
918,7.5,32
918,8,15
918,8.5,15
918,9,26
918,10,31
919,6,19
919,6.5,15
919,8,31
919,8.5,12
920,6,30
920,6.5,28
921,5.5,27
921,6,24
921,6.5,34
922,8,27
922,8.5,14
922,9,33
922,9.5,15
922,10,21
922,10.5,8
922,11,14
922,11.5,30
922,13,24
923,7,16
923,7.5,20
923,8,14
923,8.5,26
923,9,19
923,9.5,21
923,10,30
923,11,27
923,11.5,29
924,7,25
924,7.5,19
924,8,26
924,8.5,25
924,9,12
924,9.5,24
924,10,15
924,10.5,34
924,11,14
924,11.5,29
924,12,31
924,13,15
924,14,24
925,7,29
925,7.5,33
925,8,9
925,8.5,13
925,9,9
925,9.5,19
925,10,16
925,10.5,38
925,11,19
925,11.5,28
925,12,37
925,13,13
925,14,32
926,7.5,29
926,8,28
926,9,24
926,9.5,25
926,10,15
926,10.5,30
926,11.5,30
926,12,32
926,13,17
926,14,19
927,6,14
927,6.5,32
927,7,29
927,7.5,23
927,8,13
927,8.5,22
927,9,19
927,9.5,16
927,10,28
927,10.5,21
927,11,20
928,7,13
928,7.5,21
928,8,29
928,8.5,19
928,9,33
928,9.5,11
928,10,23
928,10.5,29
928,11,20
928,11.5,9
928,12,34
928,13,29
928,14,3
929,7,17
929,7.5,35
929,8,9
929,9,9
929,9.5,10
929,10,19
929,10.5,15
929,11,19
929,11.5,26
929,12,17
929,13,38
929,14,34
930,6,40
930,6.5,8
930,8,17
930,9.5,42
930,10,23
930,11,14
931,7,39
931,8,13
931,8.5,19
931,9,21
932,5.5,12
932,6,19
933,9,4
934,5,34
934,5.5,26
934,6,18
934,7,22
934,7.5,19
934,8,37
934,8.5,9
934,9,21
934,9.5,34
934,10,28
935,7,35
935,7.5,29
935,8,12
935,8.5,11
935,9,37
935,9.5,19
935,10,38
935,10.5,11
935,11,37
935,11.5,21
935,12,18
935,13,35
935,14,18
936,8,15
936,8.5,16
936,9,24
936,9.5,28
936,10,20
936,10.5,18
936,11,25
936,11.5,21
937,7,23
937,7.5,7
937,8,20
937,9,17
937,9.5,14
937,10,19
937,10.5,8
937,11.5,22
938,7,24
938,7.5,28
938,8,3
938,8.5,26
938,9,33
938,9.5,9
938,10,14
938,10.5,34
938,11,14
938,11.5,16
938,12,14
938,13,16
939,7,39
939,7.5,34
939,8,14
939,8.5,24
939,9,26
939,9.5,17
939,10,25
939,10.5,10
939,11,20
939,12,35
939,14,16
940,7,32
940,7.5,21
940,8,16
940,8.5,29
940,9,20
940,9.5,31
940,10,16
940,10.5,39
940,11,19
940,11.5,31
940,12,8
940,13,21
941,7,20
941,8,16
941,8.5,26
941,9,16
941,10,36
941,11,16
942,6,24
942,6.5,32
942,7,9
942,7.5,21
942,8,20
942,8.5,13
942,9,37
942,10,9
943,6,24
943,7,26
943,8,12
943,9,16
943,10,21
943,11,28
944,6,12
944,6.5,37
944,7,18
944,7.5,19
944,8,29
944,8.5,37
944,9,9
944,10,18
945,6,12
945,6.5,13
945,7,14
945,7.5,14
945,8,19
945,8.5,28
945,9,27
945,10,27
946,6,22
946,6.5,14
946,7,21
946,7.5,15
946,8,18
946,8.5,16
946,9,9
946,9.5,9
946,10,33
947,6,3
947,6.5,26
947,7,27
947,7.5,21
947,8,21
947,8.5,7
947,9,19
947,9.5,6
947,10,25
948,7,20
948,7.5,25
948,8,12
948,8.5,11
948,9,11
948,10,23
948,11,12
949,6.5,7
949,7,19
949,7.5,15
949,8.5,25
950,8,12
950,8.5,27
950,10,21
950,11,19
951,8.5,27
951,9,12
951,9.5,30
952,7,11
952,8,19
952,9,16
952,10,8
953,7,8
953,8,13
954,8.5,32
954,9,12
954,9.5,21
954,10,14
954,10.5,26
954,11,14
954,12,26
954,13,40
955,7,27
955,7.5,29
955,8,25
955,8.5,16
955,9,23
955,10,11
955,11,11
956,6,21
956,6.5,13
956,7,10
956,7.5,24
956,8,17
956,8.5,8
956,9,42
956,10,5
957,5.5,29
957,6,21
958,8.5,11
958,9,43
958,9.5,10
958,10,41
958,10.5,5
958,11,23
958,12,26
958,13,29
959,7.5,16
959,8.5,32
959,9,26
960,8.5,8
960,9,24
960,9.5,15
960,10,3
960,10.5,15
960,11,16
960,12,18
960,13,17
961,9,25
961,9.5,27
961,10.5,40
961,12,6
962,8.5,20
962,9.5,15
962,10,19
962,10.5,39
963,8.5,37
963,9,30
963,9.5,25
963,10,23
963,10.5,23
963,11,26
963,12,31
964,9.5,18
964,10,12
964,11.5,25
964,12,22
965,7,31
965,8,26
965,9,22
965,10,41
965,11,19
966,7,19
967,7,39
967,7.5,17
967,8,21
967,8.5,23
967,9,20
967,10,10
967,11,24
968,6,33
968,6.5,10
968,7,24
968,7.5,19
968,8,31
968,8.5,14
968,9,13
968,10,6
969,6,26
969,6.5,28
969,7,21
969,7.5,13
969,8,22
969,8.5,24
969,9,28
970,6,23
970,6.5,31
970,7,42
970,7.5,15
970,8,32
970,8.5,13
970,9,14
970,10,15
971,5.5,22
971,6,7
971,6.5,19
971,7,11
971,7.5,12
971,8,23
971,8.5,25
971,9,22
972,11,18
973,6,28
973,6.5,21
973,7,26
973,7.5,13
973,8,17
973,8.5,25
973,9,24
973,10,16
974,6,9
974,6.5,29
974,7,24
974,7.5,23
974,8,26
974,8.5,6
974,9,22
974,10,22
975,7,27
975,8,15
975,8.5,14
975,9,17
975,9.5,13
975,10,10
975,10.5,9
975,11,16
975,11.5,22
975,12,22
975,13,24
976,7,33
976,7.5,7
976,8,31
976,8.5,22
976,9,12
976,9.5,8
976,10,18
976,10.5,21
977,6,28
977,8.5,19
978,7,13
978,7.5,6
978,8,15
978,8.5,34
978,9,7
978,10,8
979,5.5,22
979,6.5,26
980,9.5,6
980,10.5,13
980,11,28
981,7,17
981,7.5,21
981,13,13
981,14,24
982,6,33
982,6.5,25
982,7,25
982,7.5,14
982,8,28
982,8.5,24
982,9,33
983,9,20
983,9.5,15
983,10,22
983,10.5,13
983,11,3
983,12,7
984,8,27
984,8.5,22
984,9,34
984,9.5,28
984,10,31
984,10.5,10
984,11,15
984,11.5,15
984,12,23
984,13,3
985,8.5,16
985,9,27
985,9.5,26
985,10,5
985,10.5,19
985,11,32
985,11.5,18
985,12,23
985,13,25
986,6,12
986,6.5,29
986,7,32
986,7.5,28
986,8,22
986,8.5,18
986,9,16
986,10,30
987,7,20
987,8,15
987,9,15
987,10,20
987,11,5
988,7.5,23
988,8,23
988,8.5,18
988,9,17
988,9.5,28
988,10,41
988,10.5,30
988,11,19
988,11.5,18
988,12,19
989,7.5,26
989,8,20
989,9,31
989,9.5,16
989,10.5,10
989,11,21
989,11.5,32
989,12,39
989,13,25
989,14,24
990,6,37
990,6.5,15
990,7,22
990,7.5,21
990,8,28
990,8.5,17
990,9,16
990,10,29
991,6,28
991,6.5,29
991,7,26
991,7.5,18
991,8,31
991,8.5,17
991,9,21
992,6,26
992,6.5,22
992,7,32
992,7.5,22
992,8.5,25
993,6.5,17
993,7,34
993,7.5,23
993,8,29
993,8.5,22
994,6,35
994,6.5,30
994,7,32
994,7.5,21
994,8,20
994,8.5,11
994,9,11
994,10,16
995,6,28
995,6.5,8
995,7,23
995,7.5,14
995,8,32
995,8.5,33
995,9,15
995,9.5,28
995,10,9
996,6,34
996,6.5,27
996,7,11
996,7.5,17
996,8,12
996,8.5,29
996,9,13
996,9.5,4
996,10,23
997,8,18
998,6,29
998,6.5,25
998,7,29
998,7.5,27
998,8,17
998,8.5,28
998,9,26
998,10,30
999,7.5,27
999,9,28
999,10,21
999,10.5,10
999,11,18
999,11.5,40
999,12,17
1000,7,9
1000,7.5,35
1000,8,19
1000,8.5,20
1000,9.5,17
1000,10,31
1000,12,24
1001,7,24
1001,7.5,13
1001,8,22
1001,8.5,16
1001,9,12
1001,9.5,15
1001,10,18
1001,10.5,27
1001,11,27
1001,11.5,28
1001,12,14
1001,13,19
1002,8.5,31
1002,9.5,20
1002,10.5,16
1003,7,32
1003,7.5,26
1003,8,13
1003,8.5,27
1003,9,7
1003,9.5,26
1003,10,30
1003,10.5,44
1003,11,19
1003,11.5,12
1003,12,30
1003,13,32
1003,14,25
1004,7.5,14
1004,8,11
1004,8.5,21
1004,9,9
1004,9.5,25
1004,10,27
1004,10.5,22
1004,11,25
1004,11.5,11
1004,12,24
1005,7.5,21
1005,8,18
1005,8.5,31
1005,9,19
1005,9.5,13
1005,10,30
1005,10.5,17
1005,11,16
1005,11.5,20
1005,12,16
1005,13,28
1006,7.5,31
1006,8.5,13
1006,9,19
1006,9.5,32
1006,10,27
1006,10.5,25
1006,11,19
1006,12,38
1007,8.5,14
1007,9,14
1007,9.5,25
1007,10,20
1007,10.5,3
1008,8,17
1008,9,18
1008,10,18
1008,11,14
1008,12,20
1008,13,21
1009,7.5,13
1009,8,32
1009,8.5,41
1009,9,15
1009,9.5,32
1009,10,26
1009,10.5,19
1009,11,32
1009,11.5,27
1009,12,21
1009,13,29
1010,10,16
1010,11,27
1011,9,14
1011,11,26
1012,8,24
1012,9,27
1012,10,25
1012,11,14
1012,12,26
1012,13,25
1013,6,12
1013,7,24
1013,7.5,15
1013,8,25
1013,8.5,15
1013,9,18
1013,9.5,20
1013,10.5,14
1013,11,26
1014,7.5,25
1014,13,17
1015,8,23
1015,8.5,9
1015,9,8
1016,8,19
1017,6,9
1017,7,28
1017,8,24
1017,9,4
1017,10,31
1018,6,25
1018,6.5,27
1018,7,19
1018,7.5,20
1018,8,11
1018,8.5,25
1018,9,17
1018,10,14
1019,6.5,30
1019,7,11
1019,7.5,8
1019,8.5,20
1019,9,39
1019,9.5,21
1019,10,23
1020,8,19
1020,8.5,22
1020,9,25
1020,9.5,16
1020,10,29
1020,10.5,9
1020,11,30
1020,11.5,21
1020,12,27
1021,8,13
1021,11,26
1021,12,35
1022,8,25
1022,9.5,24
1022,10.5,19
1022,13,25
1023,7,33
1023,8,36
1023,8.5,31
1023,9,27
1023,9.5,4
1023,10,22
1024,7,3
1024,8,24
1024,8.5,33
1024,9,32
1024,9.5,17
1025,6,19
1025,6.5,19
1025,7.5,8
1025,8,30
1025,8.5,9
1025,9,6
1025,9.5,30
1025,10,21
1026,8,27
1026,9,6
1026,10,30
1026,10.5,8
1026,11,13
1026,12.5,15
1027,6,19
1027,7,10
1027,8,12
1028,6,27
1028,6.5,30
1028,7,14
1028,7.5,21
1028,8,21
1028,8.5,26
1028,10,24
1029,6,25
1029,7.5,25
1029,8,27
1029,8.5,19
1029,9,24
1029,10,21
1030,7,38
1030,8.5,14
1030,9,11
1031,7,19
1031,7.5,21
1031,8,27
1031,8.5,17
1031,9,6
1031,10,12
1032,7,25
1032,8,39
1032,9,11
1032,10,36
1032,11,21
1033,7,20
1033,7.5,25
1033,8,32
1033,8.5,30
1033,9,23
1033,9.5,28
1033,10,10
1033,10.5,35
1033,11,36
1033,11.5,18
1033,12,19
1033,13,8
1034,8.5,16
1034,9,29
1034,9.5,25
1034,10,13
1034,10.5,28
1034,12,16
1034,13,22
1035,8,21
1035,8.5,20
1035,9,32
1035,9.5,6
1035,10,20
1035,10.5,9
1035,11,26
1035,12,26
1036,8,19
1036,8.5,20
1036,9,4
1036,9.5,25
1036,10,26
1036,10.5,19
1036,11,10
1036,12,26
1036,13,34
1037,8,18
1037,8.5,23
1037,9,30
1037,9.5,23
1037,10,32
1037,10.5,28
1037,11,39
1037,12,17
1037,13,21
1038,8,29
1038,8.5,30
1038,9,31
1038,9.5,29
1038,10,23
1038,10.5,7
1038,11,22
1038,12,15
1038,13,22
1039,8,31
1039,9,18
1039,9.5,12
1039,10,19
1039,10.5,11
1039,11,5
1039,12,23
1039,13,18
1040,6,13
1040,6.5,15
1040,7,22
1040,8,27
1040,8.5,24
1040,9,22
1040,10,18
1041,8.5,27
1041,9,21
1041,9.5,21
1041,10,2
1041,10.5,22
1041,13,8
1042,6,34
1043,5.5,24
1043,6,21
1043,6.5,25
1043,7,12
1043,8,23
1044,9,13
1044,10,16
1045,8.5,33
1045,10,32
1045,11,17
1047,6,26
1048,9,31
1048,9.5,20
1049,8.5,23
1049,9,24
1049,9.5,16
1049,10,35
1049,10.5,14
1049,11,32
1049,12,14
1049,13,22
1050,7.5,12
1050,8,1
1050,8.5,30
1050,9,24
1050,9.5,35
1050,10,33
1050,10.5,21
1050,11,26
1050,12,4
1050,13,17
1051,8.5,26
1051,9,12
1051,10,36
1051,10.5,43
1051,11,32
1052,7.5,20
1052,8,24
1052,8.5,24
1052,9,21
1052,9.5,24
1052,10,32
1052,10.5,7
1052,11,33
1052,12,27
1052,13,27
1053,9,6
1053,9.5,36
1053,10,7
1054,5.5,22
1055,8.5,30
1055,9,17
1055,9.5,31
1055,10,22
1055,10.5,28
1055,11,24
1055,12,23
1055,13,26
1056,8,12
1056,8.5,32
1056,9,29
1056,9.5,13
1056,10,24
1056,10.5,28
1056,11,2
1056,11.5,19
1056,12,29
1056,13,35
1057,5.5,14
1057,6,11
1057,6.5,19
1057,7,21
1057,7.5,26
1057,8,12
1057,8.5,22
1057,9,16
1057,10,29
1058,6.5,18
1058,7,30
1058,7.5,32
1058,8.5,9
1058,9,21
1058,9.5,4
1059,8,13
1059,8.5,25
1059,9,26
1059,9.5,14
1059,10,22
1059,10.5,17
1059,11,32
1059,12,25
1059,13,29
1060,8,5
1060,8.5,38
1060,9,33
1060,9.5,23
1060,10,34
1060,10.5,17
1060,11,18
1060,11.5,27
1060,12,0
1060,13,29
1061,8,26
1061,9,16
1061,9.5,8
1061,10,22
1061,10.5,19
1061,11,25
1061,11.5,18
1062,7.5,35
1062,8,35
1062,8.5,21
1062,9,28
1062,9.5,8
1062,10,23
1062,10.5,30
1062,11,17
1062,11.5,29
1062,12,14
1062,13,23
1062,14,9
1063,5,14
1063,5.5,19
1063,6,38
1063,6.5,19
1063,7,15
1063,7.5,19
1063,8,28
1063,8.5,41
1063,9,26
1063,10,6
1063,11,20
1064,5,21
1064,5.5,15
1064,6,17
1064,6.5,24
1064,7,24
1064,7.5,22
1064,8,15
1064,8.5,15
1064,9,23
1064,10,32
1065,6.5,12
1065,7,4
1065,7.5,15
1065,8,31
1065,8.5,16
1065,9,25
1066,9,34
1066,13,20
1067,8.5,20
1067,9,29
1067,9.5,36
1067,10,20
1067,10.5,10
1067,11,17
1067,12,28
1067,13,16
1068,8,23
1068,9,10
1068,10,25
1068,11,27
1070,8.5,10
1070,9,20
1070,9.5,23
1070,10,25
1071,7,17
1071,7.5,11
1071,8,24
1071,8.5,11
1071,9,23
1071,10,14
1072,5.5,22
1072,6,13
1072,6.5,36
1072,7,16
1072,7.5,24
1072,8,34
1072,8.5,14
1073,9,24
1074,9,19
1074,9.5,21
1074,10,37
1074,10.5,6
1074,11,14
1074,11.5,11
1075,7.5,14
1075,8,26
1076,7,27
1076,7.5,30
1076,8,17
1076,8.5,21
1076,9,8
1076,9.5,31
1076,10,11
1076,10.5,21
1076,11,16
1076,12,29
1077,10,32
1078,5.5,12
1078,6,29
1078,6.5,34
1078,7,43
1078,7.5,31
1078,8,25
1078,8.5,18
1078,9,27
1079,7.5,22
1079,8,5
1079,8.5,13
1079,9,17
1079,9.5,4
1079,10,18
1079,10.5,34
1079,11,22
1079,12,23
1079,13,16
1080,7,19
1081,9,28
1081,10,23
1081,11.5,28
1082,11,27
1082,11.5,25
1082,12,27
1083,9.5,24
1083,10,36
1083,10.5,25
1083,11,15
1083,11.5,27
1083,13,33
1084,7,19
1084,8.5,27
1084,9,24
1084,10,21
1084,11,38
1084,11.5,7
1084,14,9
1085,5.5,17
1085,6,11
1085,6.5,40
1085,7,15
1085,7.5,17
1085,8,23
1085,8.5,23
1086,8,7
1086,8.5,33
1086,9,16
1086,9.5,11
1086,10,26
1086,10.5,22
1086,11,18
1086,12,17
1086,13,24
1087,7,12
1087,8,20
1087,8.5,28
1087,9,9
1087,9.5,20
1087,10,32
1087,10.5,10
1087,11,18
1087,11.5,7
1087,12,18
1087,13,7
1087,14,28
1088,13,18
1088,14,25
1089,7,18
1089,7.5,20
1089,8,15
1089,8.5,11
1089,9,21
1089,9.5,36
1089,10,6
1089,10.5,14
1089,11,5
1089,11.5,15
1089,12,22
1089,13,9
1089,14,24
1090,5.5,14
1090,6,0
1090,6.5,15
1090,7,18
1090,7.5,27
1090,8,24
1090,8.5,43
1090,9,26
1090,9.5,17
1090,10,31
1090,10.5,15
1090,11,32
1091,8,17
1091,10.5,24
1091,11,19
1091,11.5,1
1091,12,12
1091,13,22
1092,7,19
1092,7.5,7
1092,8,18
1092,8.5,17
1092,9,33
1092,10,15
1092,11,22
1093,7,29
1093,7.5,22
1093,8,11
1093,8.5,20
1093,9,4
1093,10,24
1093,11,26
1094,7,15
1094,7.5,17
1094,8,17
1094,8.5,34
1094,9,30
1094,10,17
1094,11,16
1095,7,20
1095,8,15
1095,9,15
1095,10,22
1095,11,24
1095,12,17
1095,13,20
1096,8,29
1096,9,12
1096,9.5,10
1097,7.5,29
1097,8,35
1097,10.5,14
1098,7.5,30
1098,8,27
1098,8.5,35
1098,10,23
1099,6,25
1099,6.5,15
1099,7,11
1099,8,15
1100,5,14
1100,6,20
1100,7,35
1100,8,20
1100,9,15
1100,10,34
1100,11,24
1101,8,6
1101,9,29
1101,9.5,12
1101,10,14
1101,11,12
1101,12,25
1101,13,18
1102,10.5,18
1102,11,27
1102,12,13
1102,13,18
1103,8.5,4
1103,9,22
1103,10,9
1103,10.5,19
1103,11,37
1103,12,16
1103,13,18
1104,7,16
1104,8,39
1104,8.5,28
1104,9,16
1104,9.5,26
1104,10,14
1104,10.5,28
1104,11,26
1104,12,23
1104,13,31
1104,14,22
1105,7,18
1105,9,16
1105,9.5,34
1105,10,12
1105,10.5,34
1105,11,14
1105,12,26
1105,13,19
1105,14,13
1106,8,2
1106,8.5,36
1106,9,17
1106,9.5,15
1106,10,22
1106,10.5,18
1106,11,33
1106,12,29
1106,13,4
1106,14,7
1107,6,23
1107,7,26
1107,8,41
1107,9,19
1107,10,32
1108,6,12
1108,6.5,25
1108,7,29
1108,7.5,22
1108,8,17
1108,8.5,34
1108,9,19
1108,10,32
1109,10,26
1110,8,25
1110,9,28
1110,9.5,26
1110,10,23
1110,10.5,28
1111,6,26
1111,6.5,7
1111,7,18
1111,7.5,33
1111,8,22
1111,8.5,2
1111,9,18
1111,10,20
1112,7,29
1112,8,9
1112,8.5,4
1112,9,15
1112,10,28
1113,8,25
1113,8.5,15
1113,9,20
1113,9.5,33
1113,10,16
1113,12,18
1113,13,10
1114,7,4
1114,7.5,26
1114,8,32
1114,8.5,7
1114,9,23
1114,10,35
1114,11,7
1115,7,25
1116,6,4
1116,7,23
1117,5.5,22
1117,6,8
1118,6,21
1118,6.5,10
1118,7,25
1118,7.5,38
1118,8,9
1118,8.5,9
1118,9,0
1118,9.5,0
1118,10,25
1119,6,21
1119,6.5,22
1119,7,15
1119,7.5,15
1119,8,15
1119,8.5,29
1119,9,10
1119,10,19
1120,7.5,18
1120,8,18
1120,8.5,25
1120,9,21
1120,9.5,13
1120,10,30
1120,10.5,33
1120,11,34
1120,12,31
1120,13,15
1120,14,27
1121,7,30
1121,7.5,29
1121,8,28
1121,8.5,26
1121,9,0
1121,10,13
1121,11,36
1122,7,13
1122,7.5,14
1122,8,13
1122,8.5,22
1122,9,35
1122,10,13
1122,11,18
1123,7,34
1123,7.5,16
1123,8,15
1123,8.5,36
1123,9,29
1123,10,33
1123,11,18
1124,6,35
1124,6.5,32
1124,7,19
1124,7.5,29
1124,8,11
1124,8.5,6
1124,9,31
1124,10,23
1125,5.5,19
1125,6,19
1125,6.5,13
1126,6,34
1126,6.5,20
1126,7,16
1126,7.5,19
1126,8,22
1126,8.5,16
1126,9,20
1126,9.5,23
1126,10,33
1127,9,23
1127,13,27
1128,8,26
1128,8.5,18
1128,9,17
1128,9.5,26
1128,10,32
1128,10.5,27
1128,11,29
1128,11.5,8
1128,12,24
1128,13,38
1129,5.5,2
1129,6,12
1129,6.5,20
1129,7,26
1129,7.5,27
1129,8,22
1129,8.5,22
1129,9,33
1129,9.5,36
1129,10,21
1130,6,29
1130,6.5,34
1130,7,22
1130,7.5,0
1130,8,27
1130,8.5,24
1130,9,19
1130,9.5,31
1130,10,31
1131,5.5,15
1131,6,30
1131,6.5,27
1131,7,31
1131,7.5,30
1131,8,1
1131,8.5,18
1131,9,25
1131,9.5,17
1131,10,37
1132,5.5,13
1132,6,7
1132,6.5,34
1132,7,4
1132,8,29
1133,8.5,25
1134,7,9
1134,7.5,20
1134,8,22
1134,8.5,30
1134,9,18
1134,9.5,14
1134,10,24
1134,10.5,19
1134,11,26
1134,11.5,26
1134,12,20
1134,13,20
1134,14,15
1135,7,24
1135,9,3
1135,10.5,32
1135,11,26
1136,5.5,28
1136,6,16
1136,7,20
1136,7.5,20
1136,8,22
1136,8.5,12
1137,6,25
1137,6.5,17
1137,7.5,18
1137,9,20
1137,9.5,36
1137,10,30
1138,5,24
1138,5.5,17
1138,6.5,29
1138,7,29
1139,7,32
1139,9,16
1139,11.5,40
1140,9,20
1140,11,20
1141,11.5,32
1141,12,15
1141,14,10
1142,9,7
1142,11,24
1143,7.5,19
1143,8,18
1143,8.5,13
1143,9,24
1143,9.5,22
1143,10,13
1143,10.5,7
1143,11,22
1143,11.5,32
1143,12,14
1143,13,31
1143,14,12
1144,7.5,11
1144,8,23
1144,8.5,15
1144,9,23
1144,9.5,31
1144,10,16
1144,10.5,11
1144,12,13
1145,7.5,30
1145,8.5,34
1145,9,6
1145,9.5,15
1145,10,7
1145,10.5,12
1145,11,22
1145,11.5,28
1145,12,30
1145,13,18
1146,5,9
1146,5.5,21
1146,6,30
1146,6.5,23
1146,9,37
1146,10,30
1147,7.5,16
1147,9,25
1147,9.5,28
1147,10,39
1147,10.5,20
1147,11,18
1147,12,9
1147,13,35
1148,10,33
1148,11,19
1148,11.5,37
1148,13,17
1149,10,16
1149,11.5,33
1149,12,35
1150,8,2
1150,8.5,24
1150,9,3
1150,9.5,18
1150,10,14
1150,10.5,22
1150,11,34
1150,12,20
1150,13,34
1151,9,26
1151,9.5,14
1151,13,6
1152,8,23
1152,8.5,22
1152,9,20
1152,9.5,30
1152,10,21
1152,10.5,26
1152,12,11
1153,7.5,16
1153,8,27
1153,8.5,7
1153,9,21
1153,9.5,27
1153,10,19
1153,10.5,32
1153,11,20
1154,7,25
1155,7,12
1155,7.5,44
1155,8,20
1155,8.5,28
1155,9,21
1155,10,23
1155,11,22
1156,7,8
1156,7.5,24
1156,8,19
1156,8.5,25
1156,9,31
1156,10,17
1156,11,17
1157,7,14
1157,7.5,26
1157,8,23
1157,8.5,19
1157,9,0
1157,10,27
1157,11,35
1158,7,14
1158,7.5,37
1158,8,29
1158,8.5,15
1158,9,30
1158,10,32
1158,11,33
1159,6.5,15
1159,8,25
1160,10.5,40
1160,12,5
1160,13,38
1161,8.5,36
1161,9,18
1161,9.5,24
1161,10,22
1161,10.5,25
1161,11,2
1161,12,21
1161,13,22
1162,6.5,23
1162,7.5,27
1162,8,23
1162,8.5,14
1163,6,32
1163,6.5,34
1163,7,24
1163,7.5,34
1163,8,25
1163,8.5,34
1163,9,10
1163,10,24
1164,6,11
1164,6.5,15
1164,7,9
1164,8,30
1164,8.5,28
1165,5.5,23
1165,6,27
1165,6.5,28
1165,7,40
1165,7.5,11
1166,5,3
1167,8,19
1167,8.5,13
1167,9.5,16
1167,10.5,23
1168,7.5,25
1168,8,42
1168,8.5,11
1168,9,13
1168,9.5,36
1168,10,19
1168,10.5,29
1168,11,13
1168,11.5,29
1168,12,33
1168,13,2
1169,7,29
1169,9,31
1169,10,10
1169,11,31
1169,13,14
1169,14,24
1169,15,13
1170,9,29
1170,11,16
1170,13,16
1170,14,21
1170,15,17
1171,8.5,11
1171,9,41
1171,9.5,24
1171,10,33
1171,10.5,12
1171,11,35
1171,12,16
1171,13,22
1172,6,45
1172,6.5,15
1172,7,37
1172,7.5,14
1172,8,29
1172,8.5,26
1172,9.5,14
1172,10,22
1172,11,17
1173,9,30
1173,9.5,35
1173,10,22
1174,7.5,31
1174,8,27
1174,8.5,30
1174,9,30
1174,9.5,23
1174,10,21
1174,10.5,17
1174,11,44
1174,12,26
1175,6,17
1175,6.5,14
1175,7,22
1175,7.5,19
1175,8.5,24
1175,9,5
1175,10,19
1176,8,23
1176,9,30
1176,9.5,13
1176,10,8
1176,10.5,20
1176,11,28
1176,11.5,6
1176,12,24
1176,13,26
1176,14,4
1177,6,29
1178,6,11
1178,7,37
1178,8,35
1178,9,17
1178,10,20
1179,9,23
1179,11,15
1180,11.5,6
1181,7,22
1181,7.5,20
1181,8,18
1181,8.5,18
1181,10,25
1181,10.5,29
1181,11,12
1181,11.5,29
1181,12,10
1181,13,18
1182,7,15
1182,10,16
1182,11.5,18
1183,9,11
1183,9.5,15
1183,10,27
1183,11.5,16
1183,13,18
1184,9,17
1184,10,13
1185,8,8
1185,8.5,13
1185,9,31
1185,9.5,17
1185,10,21
1185,10.5,22
1185,11,32
1185,12,25
1185,13,32
1185,14,31
1186,7,24
1186,7.5,43
1186,8,13
1186,8.5,22
1186,9,17
1186,9.5,31
1186,10,19
1186,10.5,19
1186,11,12
1186,12,38
1186,13,23
1187,6,24
1187,7,31
1187,8,34
1187,9,13
1187,10,19
1188,8,33
1188,8.5,29
1188,9,17
1188,9.5,4
1188,10,19
1188,10.5,21
1188,11,31
1188,12,33
1188,13,35
1188,14,17
1189,7.5,25
1189,8,25
1189,8.5,22
1189,9,6
1189,9.5,22
1189,10,12
1189,10.5,13
1189,11,11
1189,12,11
1189,13,31
1189,14,21
1190,9,33
1191,8.5,27
1191,9,21
1191,9.5,26
1191,10,27
1191,12,33
1191,13,22
1192,7,26
1192,7.5,22
1192,8,34
1192,8.5,23
1192,9,13
1192,9.5,24
1192,10,21
1192,10.5,15
1192,11,34
1192,11.5,26
1192,12,23
1192,13,28
1193,9,8
1194,7,18
1194,7.5,13
1194,8,10
1194,8.5,8
1194,9,23
1194,9.5,21
1194,10,28
1194,10.5,28
1194,11,17
1194,11.5,21
1194,12,14
1194,13,15
1194,14,23
1194,15,29
1195,8,27
1195,8.5,33
1195,9,18
1195,9.5,31
1195,10,29
1195,10.5,17
1195,11,11
1195,11.5,31
1195,12,31
1195,13,32
1196,6,33
1196,6.5,15
1196,7,15
1196,7.5,17
1196,8,24
1196,8.5,0
1196,9,22
1196,10,13
1197,6.5,23
1197,7,43
1197,7.5,30
1197,8,11
1197,9,38
1197,9.5,11
1197,10.5,18
1197,11,12
1198,6.5,13
1198,7,18
1198,7.5,20
1198,8,37
1198,9.5,11
1199,6,24
1199,6.5,12
1199,7,26
1199,7.5,18
1199,8,22
1199,8.5,12
1199,9,10
1199,10,31
1200,7,1
1200,7.5,18
1200,8,18
1200,8.5,27
1200,9,7
1200,10,23
1200,11,19
1201,7,29
1201,7.5,12
1201,8,26
1201,8.5,27
1201,9,21
1201,10,36
1201,11,35
1202,7,32
1202,7.5,31
1202,8,24
1202,8.5,26
1202,9,27
1202,10,40
1202,11,41
1203,6,34
1203,7,21
1203,7.5,13
1203,8,27
1203,8.5,3
1203,9,34
1203,10,29
1203,11,14
1204,8,21
1204,9.5,5
1205,9,26
1205,10,10
1205,10.5,11
1205,11,15
1205,12,11
1205,13,4
1206,8,22
1206,8.5,10
1206,9,19
1206,9.5,23
1206,10,31
1206,10.5,28
1206,11,16
1206,11.5,17
1206,12,24
1206,12.5,23
1207,8.5,32
1207,9,8
1207,9.5,27
1207,10,17
1207,10.5,17
1207,11,13
1207,12,5
1207,13,3
1208,6.5,25
1208,7,36
1208,7.5,8
1208,9,35
1209,8,23
1209,8.5,15
1209,9,8
1210,6,6
1211,7,28
1211,7.5,24
1211,8,36
1211,8.5,17
1211,9,24
1211,9.5,30
1211,10,13
1211,10.5,10
1211,11,24
1211,11.5,31
1211,12,29
1211,13,26
1211,14,31
1212,8,26
1212,8.5,16
1212,9,22
1212,9.5,21
1212,10.5,29
1212,11,30
1212,11.5,26
1212,12,16
1212,13,26
1213,7,20
1213,7.5,20
1213,8,24
1213,9,34
1213,9.5,19
1213,10,21
1213,10.5,21
1213,11,30
1213,11.5,22
1213,12,15
1213,13,16
1213,14,23
1214,8,15
1214,8.5,19
1214,9,2
1214,9.5,23
1214,10,30
1214,10.5,20
1214,11,26
1214,12,17
1214,13,13
1215,7,17
1215,7.5,19
1215,8,19
1215,8.5,28
1215,9,29
1215,9.5,28
1215,10,35
1215,10.5,27
1215,11,15
1215,11.5,42
1215,12,19
1215,13,26
1215,14,7
1215,15,27
1215,16,34
1215,17,11
1215,18,22
1216,5.5,29
1216,6,33
1216,6.5,31
1216,7,35
1216,7.5,36
1216,8,22
1216,8.5,27
1216,9,31
1216,9.5,36
1216,10,8
1216,10.5,23
1216,11,10
1217,7,36
1217,7.5,15
1217,8,25
1217,8.5,10
1217,9,36
1217,9.5,21
1217,10,9
1217,10.5,15
1217,11,31
1217,11.5,24
1217,12,10
1217,13,28
1217,14,33
1218,14,15
1219,7,26
1219,8,18
1219,8.5,26
1219,9,20
1219,9.5,12
1219,10,14
1219,10.5,18
1219,11,31
1219,11.5,19
1219,12,17
1219,13,17
1219,14,22
1219,16,30
1219,17,14
1219,18,27
1220,9,9
1220,14,25
1221,6,34
1221,6.5,34
1221,7,22
1221,7.5,24
1221,8,17
1221,8.5,35
1221,9,21
1221,10,29
1222,6,17
1222,6.5,28
1222,7,11
1222,7.5,21
1222,8,10
1222,8.5,9
1222,9,22
1222,10,3
1223,7,38
1223,8,21
1223,8.5,6
1223,9,28
1223,9.5,9
1223,10,25
1223,10.5,30
1223,11,19
1223,13,33
1223,14,24
1223,15,19
1224,7,15
1224,8,31
1224,8.5,32
1224,9,32
1224,9.5,39
1224,10,25
1224,10.5,16
1224,11,20
1224,11.5,35
1224,12,32
1224,13,21
1224,14,26
1224,15,19
1225,9.5,18
1226,7,14
1226,7.5,13
1226,8,20
1226,9,21
1226,9.5,27
1226,10,12
1226,10.5,24
1226,11,19
1226,12,6
1226,13,24
1226,14,19
1226,15,17
1227,7,22
1227,7.5,21
1227,8,16
1227,8.5,34
1227,9,36
1227,9.5,11
1227,10,26
1227,10.5,6
1227,11,22
1227,11.5,16
1227,12,13
1227,13,22
1227,14,12
1227,15,24
1228,7,17
1228,9,32
1229,8,34
1229,9,25
1229,9.5,14
1229,10,39
1229,10.5,21
1230,5,10
1230,9.5,33
1230,10.5,23
1231,6,24
1231,6.5,26
1232,6,6
1232,6.5,31
1232,7,30
1232,7.5,22
1232,8,27
1232,8.5,17
1232,9,13
1232,9.5,27
1233,6,27
1233,6.5,22
1233,7,14
1233,7.5,16
1234,6,21
1234,6.5,20
1234,7.5,19
1234,8,20
1234,8.5,16
1235,7,25
1235,7.5,19
1235,8,16
1235,8.5,11
1235,9,12
1235,10,10
1236,6,27
1236,6.5,14
1236,7,33
1236,7.5,26
1236,8,34
1236,8.5,33
1236,9,26
1236,10,21
1237,6,4
1237,6.5,17
1237,7,10
1237,7.5,36
1237,8,16
1237,8.5,11
1237,9,19
1238,7,21
1238,7.5,22
1238,8,1
1238,8.5,18
1238,9,25
1238,10,30
1238,11,25
1239,7,15
1239,7.5,26
1239,8,16
1239,8.5,14
1239,9,22
1239,10,16
1239,11,11
1240,7,12
1240,7.5,34
1240,8,5
1240,8.5,20
1240,9,21
1240,10,18
1240,11,27
1241,8.5,16
1241,10,14
1241,10.5,25
1241,11,23
1242,11.5,20
1243,10,24
1243,11.5,25
1244,5.5,22
1244,6,21
1244,6.5,30
1244,7,16
1244,7.5,16
1244,8,11
1244,8.5,23
1245,5.5,39
1245,6,28
1245,7,18
1245,7.5,14
1246,6,20
1247,9,15
1247,11,28
1248,8,25
1248,8.5,31
1248,9,16
1248,9.5,25
1248,10,27
1248,10.5,23
1248,11,22
1248,11.5,29
1248,12,17
1248,13,15
1249,8,19
1249,8.5,23
1249,9,17
1249,9.5,30
1249,10,1
1249,10.5,30
1249,11,10
1249,12,29
1249,13,19
1250,7.5,18
1250,8,26
1250,8.5,22
1250,9,20
1250,9.5,37
1250,10,27
1250,10.5,23
1250,11,21
1250,11.5,30
1250,12,30
1250,13,29
1251,7.5,25
1252,8.5,28
1252,9,33
1252,9.5,21
1252,10,33
1252,10.5,21
1253,7,15
1253,8,26
1253,8.5,18
1253,9,9
1253,9.5,21
1253,10,24
1253,10.5,17
1253,11,19
1253,12,36
1254,10,20
1255,8,27
1255,8.5,23
1255,9,26
1255,9.5,23
1255,10,21
1255,10.5,22
1255,11,25
1255,11.5,28
1255,12,20
1256,8,21
1256,8.5,13
1256,9,22
1256,9.5,18
1256,10,13
1256,10.5,16
1256,11,36
1256,13,10
1257,8,25
1257,8.5,37
1257,9,12
1257,9.5,28
1257,10,33
1257,10.5,18
1257,11,18
1257,11.5,29
1257,12,20
1258,7.5,15
1258,9,34
1258,9.5,15
1258,10,36
1258,10.5,29
1258,11,21
1258,12,22
1258,13,24
1258,14,23
1259,7,29
1259,8,26
1259,9,32
1259,10,18
1259,11,31
1259,12,22
1260,7,37
1260,8,16
1260,9,5
1260,10,14
1260,12,17
1261,7.5,13
1261,8,17
1261,8.5,25
1261,9,25
1261,9.5,22
1261,10,25
1261,12,16
1262,9,25
1262,10,12
1262,11,12
1263,8,27
1263,8.5,15
1263,9,18
1263,9.5,12
1263,10,29
1263,10.5,21
1263,11,20
1263,11.5,12
1263,12,24
1263,13,7
1263,14,18
1263,15,31
1263,18,30
1264,8.5,13
1264,9,32
1264,9.5,23
1264,10,31
1264,10.5,26
1264,11.5,2
1265,8.5,8
1265,9,39
1265,9.5,23
1265,10,14
1265,10.5,19
1265,11,23
1265,12,34
1265,13,6
1266,8,9
1266,8.5,26
1266,9,28
1266,9.5,6
1266,10,18
1266,10.5,17
1266,11,20
1266,12,12
1266,13,11
1267,8.5,19
1267,9,25
1267,9.5,20
1267,10,19
1267,10.5,38
1268,8,27
1268,9,28
1268,9.5,32
1268,10,28
1268,10.5,31
1268,11,42
1268,11.5,16
1269,7.5,16
1269,8,10
1269,8.5,22
1269,9,17
1269,9.5,22
1269,10,28
1269,10.5,27
1269,11,19
1269,11.5,11
1269,12,25
1269,13,21
1270,8,19
1270,8.5,21
1270,9,26
1270,9.5,26
1270,10,14
1270,10.5,20
1270,11,23
1270,11.5,16
1270,12,18
1271,10.5,33
1272,6,28
1272,6.5,20
1272,7,22
1272,7.5,18
1272,8,9
1272,8.5,20
1272,9,1
1272,10,18
1273,6,15
1273,6.5,5
1273,7,4
1273,7.5,17
1273,8,14
1273,8.5,26
1274,7,18
1275,6,11
1276,12,33
1276,12.5,12
1277,9.5,27
1277,13,9
1278,15,23
1279,7.5,2
1279,8,6
1279,11.5,30
1279,12,15
1280,7.5,29
1280,8,11
1280,8.5,24
1280,9,16
1280,9.5,13
1280,10,18
1280,10.5,17
1280,11,13
1280,11.5,30
1280,12,30
1280,13,19
1280,14,8
1280,15,11
1281,14,25
1282,8.5,30
1282,9,0
1282,9.5,17
1282,11.5,33
1282,14,22
1283,7.5,10
1283,8,15
1284,8,14
1284,10,35
1284,14,35
1285,8,27
1285,9,21
1285,9.5,23
1285,12,35
1285,13,17
1285,14,25
1285,15,34
1286,7.5,29
1286,8.5,42
1286,9,36
1286,10,35
1286,10.5,22
1286,11,19
1287,9,31
1287,12,33
1287,13,27
1287,14,24
1288,6,21
1288,6.5,29
1288,7,16
1288,7.5,36
1288,8,22
1288,8.5,25
1288,9,16
1288,10,34
1289,7,12
1289,8.5,18
1290,7,23
1290,7.5,40
1290,8,23
1290,9,40
1290,9.5,32
1290,10,15
1290,10.5,29
1290,11,23
1290,11.5,16
1290,12,31
1290,13,10
1290,14,28
1291,7,30
1291,7.5,39
1291,8,33
1291,8.5,22
1291,9,14
1291,9.5,20
1291,10,25
1291,10.5,30
1291,11,19
1291,11.5,28
1291,12,39
1291,13,20
1291,14,23
1291,15,27
1292,7,29
1292,7.5,17
1292,8,13
1292,8.5,15
1292,9,19
1292,9.5,10
1292,10,25
1292,10.5,34
1292,11,16
1292,11.5,23
1292,12,23
1292,13,18
1292,14,10
1292,15,31
1293,8,24
1293,8.5,12
1293,9,31
1293,9.5,10
1293,10,20
1293,10.5,14
1293,11,14
1293,11.5,8
1293,12,16
1293,13,33
1293,14,3
1294,6,18
1294,6.5,22
1294,7,18
1294,9.5,29
1295,7,29
1295,7.5,34
1295,8,20
1295,8.5,32
1295,9,37
1295,9.5,4
1295,10,19
1295,10.5,14
1295,11,20
1295,11.5,23
1295,12,14
1295,13,10
1295,14,29
1296,6,24
1296,6.5,27
1296,7,28
1296,7.5,35
1296,8,32
1296,8.5,29
1296,9,24
1296,9.5,8
1296,10,12
1296,11,9
1297,7.5,24
1298,6,31
1298,6.5,17
1298,7,23
1298,7.5,19
1298,8,12
1298,8.5,33
1299,13,20
1299,14,19
1300,6,11
1300,6.5,7
1300,7,13
1300,7.5,15
1300,8,30
1300,8.5,22
1300,9,23
1300,10,27
1301,7,19
1301,9,25
1302,7,15
1302,8.5,10
1302,9,22
1303,6,32
1303,6.5,19
1303,7,9
1303,7.5,39
1303,8,30
1303,8.5,13
1304,8,25
1304,9,2
1304,10,22
1304,11,32
1304,12,21
1305,7,27
1305,7.5,7
1305,8,26
1305,8.5,25
1305,9,8
1305,10,17
1305,11,25
1306,6,18
1306,6.5,5
1306,7,33
1306,7.5,10
1306,8,33
1306,8.5,8
1306,9,32
1306,10,35
1307,6,16
1307,7,28
1307,7.5,20
1307,8,20
1307,8.5,17
1307,10,15
1308,6,30
1308,6.5,18
1308,7,13
1309,7,14
1309,8,25
1310,6,34
1310,6.5,1
1310,7,23
1310,7.5,14
1310,8,25
1310,8.5,35
1310,9,4
1310,10,12
1311,7.5,42
1311,8,22
1311,11.5,36
1311,12,40
1311,13,25
1312,7,23
1312,7.5,32
1312,8,33
1312,8.5,25
1312,9,21
1312,10,20
1312,11,31
1313,6.5,29
1313,7,11
1313,7.5,35
1313,8,32
1313,8.5,30
1313,9,18
1313,10,5
1313,11,31
1314,7.5,18
1315,7,20
1315,8,17
1315,8.5,24
1315,9,23
1315,9.5,8
1315,10,16
1315,10.5,21
1315,11,15
1315,11.5,9
1315,12,14
1315,13,3
1315,14,20
1316,7.5,15
1316,8,24
1316,8.5,33
1316,9,13
1316,9.5,26
1316,10,28
1316,10.5,32
1316,11,27
1316,11.5,14
1316,12,11
1316,13,20
1317,8,16
1317,8.5,23
1317,9,12
1317,9.5,16
1317,10,11
1317,10.5,32
1317,11,20
1317,12,19
1317,13,27
1396,6,23
1396,8,13
1396,8.5,37
1396,9,37
1396,10,34
1396,10.5,18
1396,11.5,30
1396,12,16
1397,5,21
1397,11.5,24
1398,5,32
1398,5.5,28
1398,6,18
1398,6.5,15
1398,7,10
1398,9.5,30
1398,10.5,39
1398,11,11
1398,11.5,21
1399,6,22
1399,8.5,1
1399,9,28
1399,9.5,17
1399,10,12
1399,10.5,30
1399,11,18
1399,11.5,14
1399,12,13
1400,6,37
1400,6.5,24
1400,7,8
1400,7.5,18
1400,8,27
1400,8.5,38
1400,9,30
1400,9.5,4
1400,10,28
1400,10.5,37
1400,11,28
1400,11.5,34
1400,12,14
1401,5,17
1401,6,8
1401,12,16
1402,5,17
1403,5.5,30
1403,6,8
1403,7,14
1403,7.5,20
1403,8,34
1403,10.5,23
1403,11,23
1403,11.5,12
1404,5,34
1404,6,20
1404,6.5,27
1404,7,27
1404,7.5,23
1404,8,15
1404,8.5,20
1404,9.5,13
1404,10,21
1404,10.5,24
1404,11,27
1404,11.5,9
1404,12,17
1405,11,27
1406,5,25
1407,5,17
1407,6,35
1407,7,32
1407,8,14
1407,9,32
1407,11,21
1408,5,17
1408,5.5,24
1408,6,29
1408,6.5,29
1408,7,14
1408,7.5,27
1408,8,34
1408,8.5,37
1408,9,11
1408,9.5,25
1408,10,35
1408,10.5,22
1408,11,28
1408,11.5,15
1408,12,25
1409,5,40
1409,5.5,23
1409,6,20
1409,6.5,28
1409,7.5,15
1409,9,19
1409,9.5,15
1409,10.5,10
1409,11,19
1409,11.5,29
1409,12,12
1410,7,18
1411,5.5,22
1411,6,37
1411,6.5,28
1411,7,13
1411,7.5,20
1411,8,25
1411,8.5,33
1411,9,20
1411,9.5,3
1411,10,22
1411,11,22
1412,5.5,19
1412,6,37
1412,6.5,41
1412,7,24
1412,7.5,0
1412,8,21
1412,8.5,0
1412,9,14
1412,9.5,16
1412,10,35
1412,10.5,25
1412,11,11
1413,8,12
1413,8.5,31
1413,9,5
1413,9.5,22
1413,10,20
1413,10.5,26
1413,11,40
1413,12,10
1413,13,27
1414,8,22
1414,8.5,22
1414,9,13
1414,9.5,16
1414,10,15
1414,10.5,3
1414,11,21
1414,12,39
1414,13,13
1415,8,27
1415,8.5,21
1415,9,34
1415,9.5,1
1415,10,13
1415,10.5,34
1415,11,6
1415,12,5
1415,13,33
1416,7,28
1416,7.5,6
1416,8,8
1416,8.5,21
1416,9,22
1416,10,14
1416,11,28
1417,7,27
1417,7.5,19
1417,8,11
1417,8.5,23
1417,9,28
1417,10,34
1417,11,10
1418,5,29
1418,5.5,30
1418,6,25
1418,7,29
1418,7.5,23
1418,8,20
1418,9,19
1418,9.5,33
1418,10,16
1419,11,22
1420,7,29
1420,7.5,33
1420,8,15
1420,8.5,31
1420,9,33
1420,9.5,20
1420,10,33
1420,10.5,19
1420,11,12
1420,11.5,19
1420,12,30
1420,13,17
1421,5.5,15
1421,6,16
1421,6.5,32
1421,7,10
1421,7.5,27
1422,7,25
1422,8,11
1422,8.5,13
1422,9,29
1423,6,15
1423,8,17
1423,9,38
1424,6,34
1424,6.5,9
1424,7,11
1424,7.5,11
1424,8,7
1424,8.5,17
1424,9,22
1424,10,19
1425,5.5,17
1425,6,25
1425,6.5,28
1425,7,13
1425,7.5,19
1425,9.5,22
1426,7,13
1426,7.5,20
1426,8,22
1426,8.5,11
1426,9,14
1426,10,13
1426,11,21
1427,5.5,17
1427,6,17
1427,6.5,35
1427,7,17
1427,8,34
1427,8.5,23
1427,9.5,31
1428,6,26
1428,6.5,25
1428,7,13
1428,7.5,26
1428,8,29
1429,7,14
1429,8,13
1429,9,29
1430,8,13
1430,9,25
1430,9.5,23
1430,10.5,28
1430,11,23
1431,10.5,32
1431,13,39
1432,6.5,30
1432,7,21
1432,7.5,10
1432,8,22
1432,8.5,13
1432,9,28
1432,9.5,22
1432,11,30
1433,8,12
1433,8.5,19
1433,9,31
1433,9.5,27
1433,10,28
1433,10.5,10
1433,11,29
1433,11.5,27
1433,12,35
1433,13,20
1433,14,21
1434,8,7
1434,8.5,36
1434,9,13
1434,9.5,34
1434,10,13
1434,10.5,10
1434,11,19
1434,11.5,20
1434,12,10
1434,13,10
1434,14,35
1435,7,12
1435,7.5,18
1435,8,34
1435,8.5,18
1435,9,34
1435,9.5,17
1435,10,26
1435,10.5,19
1435,11,26
1435,11.5,27
1435,12,1
1435,13,22
1435,14,23
1436,7,36
1436,8,32
1436,8.5,30
1436,9,33
1436,9.5,22
1436,10,26
1436,10.5,25
1436,11,35
1436,11.5,10
1436,12,29
1436,13,10
1436,14,24
