purchaseid,purchasedate,employeeid,expecteddeliverydate,manufacturerid,shipping
7884,2014-01-24,102,2014-02-11,116,9.2
7885,2014-01-24,102,2014-02-11,154,5.81
7886,2014-01-24,35,2014-02-10,164,29.48
7887,2014-01-24,102,2014-02-06,179,6.36
7888,2014-01-24,102,2014-02-11,187,5.78
7889,2014-01-24,102,2014-02-10,209,9.62
7890,2014-01-24,102,2014-02-09,240,13.4
7891,2014-01-24,35,2014-02-13,276,19.44
7892,2014-01-24,35,2014-02-09,289,5.67
7893,2014-01-24,35,2014-02-11,314,5.7
7894,2014-01-24,102,2014-02-07,373,5.63
7895,2014-01-24,61,2014-02-07,384,8.15
7896,2014-01-24,35,2014-02-09,389,6.92
7897,2014-01-24,102,2014-02-10,444,6.14
7898,2014-01-24,102,2014-02-07,448,16.39
7899,2014-01-24,102,2014-02-11,463,5.72
7900,2014-01-24,102,2014-02-11,481,7.61
7901,2014-01-24,61,2014-02-12,512,9.62
7902,2014-01-24,35,2014-02-10,514,31.91
7903,2014-01-24,102,2014-02-09,521,29.48
7904,2014-01-24,102,2014-02-08,565,6.42
7905,2014-01-24,35,2014-02-09,566,5.73
7906,2014-01-24,102,2014-02-10,568,12.7
7907,2014-01-24,35,2014-02-11,573,9.38
7908,2014-01-24,61,2014-02-13,596,7.84
7909,2014-01-24,61,2014-02-08,605,8.52
7910,2014-01-24,61,2014-02-08,630,46.58
7911,2014-01-24,102,2014-02-07,645,5.7
7912,2014-01-24,61,2014-02-12,664,6.46
7913,2014-01-24,35,2014-02-08,679,12.15
7914,2014-01-24,102,2014-02-12,684,29.09
7915,2014-01-24,102,2014-02-10,691,70.34
7916,2014-01-24,35,2014-02-10,692,11.56
7917,2014-01-24,61,2014-02-07,695,9.27
7918,2014-01-24,61,2014-02-10,717,9.45
7919,2014-01-24,61,2014-02-11,781,12.11
7920,2014-01-24,35,2014-02-08,823,6.74
7921,2014-01-24,102,2014-02-09,855,5.59
7922,2014-01-24,61,2014-02-10,885,7.4
7923,2014-01-24,102,2014-02-09,911,6.5
7924,2014-01-24,35,2014-02-07,925,5.87
7925,2014-01-24,102,2014-02-08,959,24.55
7926,2014-01-24,102,2014-02-07,966,8.75
7927,2014-01-24,61,2014-02-13,970,14
7928,2014-01-24,102,2014-02-11,980,30.2
7929,2014-01-24,102,2014-02-09,985,6.36
7930,2014-02-21,102,2014-03-11,116,8.2
7931,2014-02-21,61,2014-03-12,164,19.28
7932,2014-02-21,61,2014-03-09,179,6.54
7933,2014-02-21,35,2014-03-09,194,5.67
7934,2014-02-21,35,2014-03-11,240,9.98
7935,2014-02-21,102,2014-03-08,276,21.4
7936,2014-02-21,35,2014-03-08,373,8.68
7937,2014-02-21,102,2014-03-07,384,8.6
7938,2014-02-21,102,2014-03-09,389,9.5
7939,2014-02-21,35,2014-03-09,438,7.31
7940,2014-02-21,61,2014-03-07,444,6.56
7941,2014-02-21,102,2014-03-09,448,17
7942,2014-02-21,61,2014-03-12,450,6.62
7943,2014-02-21,35,2014-03-10,481,6.3
7944,2014-02-21,102,2014-03-10,512,11.93
7945,2014-02-21,35,2014-03-09,514,35.53
7946,2014-02-21,35,2014-03-10,521,23.86
7947,2014-02-21,102,2014-03-08,565,5.67
7948,2014-02-21,102,2014-03-09,566,6.48
7949,2014-02-21,102,2014-03-09,568,21.2
7950,2014-02-21,35,2014-03-07,573,5.65
7951,2014-02-21,35,2014-03-09,596,6.4
7952,2014-02-21,35,2014-03-10,605,7.46
7953,2014-02-21,102,2014-03-07,630,31.66
7954,2014-02-21,61,2014-03-07,645,8.24
7955,2014-02-21,35,2014-03-10,659,5.66
7956,2014-02-21,102,2014-03-11,664,6.36
7957,2014-02-21,102,2014-03-06,679,10.72
7958,2014-02-21,35,2014-03-11,684,16.05
7959,2014-02-21,102,2014-03-09,691,75.47
7960,2014-02-21,61,2014-03-11,692,10.67
7961,2014-02-21,102,2014-03-10,695,6.8
7962,2014-02-21,102,2014-03-09,717,7.72
7963,2014-02-21,35,2014-03-11,750,6.66
7964,2014-02-21,102,2014-03-09,781,9.2
7965,2014-02-21,61,2014-03-11,782,5.77
7966,2014-02-21,61,2014-03-15,823,5.76
7967,2014-02-21,61,2014-03-10,885,8.2
7968,2014-02-21,102,2014-03-09,911,5.82
7969,2014-02-21,102,2014-03-09,959,16.88
7970,2014-02-21,102,2014-03-08,966,6.48
7971,2014-02-21,61,2014-03-10,970,8.66
7972,2014-02-21,102,2014-03-09,980,22.48
7973,2014-02-21,61,2014-03-09,985,5.74
7974,2014-03-21,35,2014-04-07,116,10.32
7975,2014-03-21,102,2014-04-05,154,7.88
7976,2014-03-21,35,2014-04-07,164,25.79
7977,2014-03-21,61,2014-04-06,194,5.49
7978,2014-03-21,35,2014-04-09,209,5.72
7979,2014-03-21,102,2014-04-08,240,11.64
7980,2014-03-21,35,2014-04-07,276,17.58
7981,2014-03-21,35,2014-04-06,314,5.79
7982,2014-03-21,102,2014-04-06,373,6.44
7983,2014-03-21,35,2014-04-09,384,8.54
7984,2014-03-21,61,2014-04-05,389,8.24
7985,2014-03-21,35,2014-04-05,438,6.66
7986,2014-03-21,102,2014-04-03,444,6.28
7987,2014-03-21,61,2014-04-08,448,19.06
7988,2014-03-21,102,2014-04-05,450,5.86
7989,2014-03-21,61,2014-04-08,481,10.25
7990,2014-03-21,61,2014-04-05,512,10.18
7991,2014-03-21,102,2014-04-06,514,50.1
7992,2014-03-21,35,2014-04-05,521,28.45
7993,2014-03-21,61,2014-04-08,550,5.79
7994,2014-03-21,102,2014-04-06,565,7.4
7995,2014-03-21,35,2014-04-02,566,5.63
7996,2014-03-21,102,2014-04-05,568,23.24
7997,2014-03-21,102,2014-04-04,596,7.04
7998,2014-03-21,35,2014-04-09,605,7.13
7999,2014-03-21,35,2014-04-07,630,41.85
8000,2014-03-21,35,2014-04-06,645,10.46
8001,2014-03-21,102,2014-04-06,659,6.42
8002,2014-03-21,35,2014-04-06,664,5.85
8003,2014-03-21,61,2014-04-07,679,9.15
8004,2014-03-21,35,2014-04-05,684,22.48
8005,2014-03-21,102,2014-04-07,691,51.48
8006,2014-03-21,35,2014-04-06,692,9.76
8007,2014-03-21,35,2014-04-05,695,6.46
8008,2014-03-21,35,2014-04-08,781,6.3
8009,2014-03-21,35,2014-04-07,885,6.77
8010,2014-03-21,102,2014-04-07,927,6.48
8011,2014-03-21,61,2014-04-07,951,5.77
8012,2014-03-21,102,2014-04-06,959,17.39
8013,2014-03-21,61,2014-04-07,966,9.13
8014,2014-03-21,102,2014-04-06,970,11.12
8015,2014-03-21,102,2014-04-02,980,22.69
8016,2014-03-21,102,2014-04-07,985,6.42
8017,2014-04-18,35,2014-05-05,116,9.02
8018,2014-04-18,102,2014-05-03,154,7.19
8019,2014-04-18,102,2014-05-06,164,24.47
8020,2014-04-18,102,2014-05-07,179,6.72
8021,2014-04-18,35,2014-05-07,209,6.52
8022,2014-04-18,102,2014-05-04,240,20.2
8023,2014-04-18,35,2014-05-03,276,17
8024,2014-04-18,102,2014-05-06,294,6.56
8025,2014-04-18,102,2014-05-07,314,5.55
8026,2014-04-18,61,2014-05-05,373,5.7
8027,2014-04-18,61,2014-05-01,384,8.24
8028,2014-04-18,35,2014-05-03,389,6.46
8029,2014-04-18,61,2014-05-04,438,8.08
8030,2014-04-18,35,2014-05-04,444,5.73
8031,2014-04-18,35,2014-05-05,448,16.4
8032,2014-04-18,61,2014-05-06,450,5.66
8033,2014-04-18,102,2014-05-05,481,6.44
8034,2014-04-18,61,2014-05-08,512,13.52
8035,2014-04-18,61,2014-05-06,514,42.95
8036,2014-04-18,102,2014-05-08,521,24.44
8037,2014-04-18,102,2014-05-05,550,7.28
8038,2014-04-18,35,2014-05-08,565,5.64
8039,2014-04-18,61,2014-05-06,566,6.4
8040,2014-04-18,35,2014-05-03,568,25.64
8041,2014-04-18,102,2014-05-07,573,5.66
8042,2014-04-18,35,2014-05-06,596,5.69
8043,2014-04-18,35,2014-05-07,605,7.88
8044,2014-04-18,102,2014-05-04,630,39.8
8045,2014-04-18,102,2014-05-07,645,7.28
8046,2014-04-18,102,2014-05-05,679,11
8047,2014-04-18,102,2014-05-04,684,20.86
8048,2014-04-18,102,2014-05-06,691,79.2
8049,2014-04-18,61,2014-05-03,692,10.53
8050,2014-04-18,61,2014-05-01,695,12.3
8051,2014-04-18,61,2014-05-06,717,11.24
8052,2014-04-18,102,2014-05-02,781,12.11
8053,2014-04-18,102,2014-05-05,823,5.76
8054,2014-04-18,35,2014-05-05,885,6.52
8055,2014-04-18,102,2014-05-07,911,6.46
8056,2014-04-18,35,2014-05-05,927,7.76
8057,2014-04-18,102,2014-05-04,959,16.56
8058,2014-04-18,102,2014-05-01,966,7.68
8059,2014-04-18,35,2014-05-05,970,7.52
8060,2014-04-18,35,2014-05-04,980,17.65
8061,2014-05-16,102,2014-05-30,116,13.36
8062,2014-05-16,35,2014-05-31,164,24.5
8063,2014-05-16,102,2014-05-31,179,6.52
8064,2014-05-16,102,2014-06-03,194,5.65
8065,2014-05-16,102,2014-06-01,209,6.92
8066,2014-05-16,61,2014-06-01,240,15.4
8067,2014-05-16,35,2014-06-02,276,24.25
8068,2014-05-16,61,2014-05-30,314,6.44
8069,2014-05-16,35,2014-06-03,373,8.65
8070,2014-05-16,102,2014-06-01,384,9.9
8071,2014-05-16,61,2014-05-30,389,7.4
8072,2014-05-16,61,2014-06-01,438,9.8
8073,2014-05-16,102,2014-06-03,444,6.98
8074,2014-05-16,102,2014-05-31,448,22.1
8075,2014-05-16,102,2014-06-03,450,5.78
8076,2014-05-16,61,2014-05-31,481,6.6
8077,2014-05-16,61,2014-06-04,512,12.7
8078,2014-05-16,102,2014-05-29,514,43.25
8079,2014-05-16,102,2014-06-03,521,31.18
8080,2014-05-16,35,2014-05-31,550,5.65
8081,2014-05-16,61,2014-06-02,566,6.6
8082,2014-05-16,61,2014-06-03,568,17.8
8083,2014-05-16,102,2014-06-05,573,6.48
8084,2014-05-16,61,2014-06-01,605,6.77
8085,2014-05-16,35,2014-06-02,630,38.39
8086,2014-05-16,102,2014-05-29,645,7.64
8087,2014-05-16,102,2014-06-02,659,7.37
8088,2014-05-16,35,2014-06-02,664,5.58
8089,2014-05-16,102,2014-06-03,679,15.4
8090,2014-05-16,102,2014-05-30,684,28.7
8091,2014-05-16,102,2014-06-03,691,118.9
8092,2014-05-16,102,2014-05-31,692,5.65
8093,2014-05-16,102,2014-05-29,695,13.5
8094,2014-05-16,35,2014-06-02,717,8.3
8095,2014-05-16,35,2014-06-01,750,5.66
8096,2014-05-16,35,2014-06-03,781,10.39
8097,2014-05-16,102,2014-05-31,823,6.56
8098,2014-05-16,102,2014-05-31,885,6.28
8099,2014-05-16,102,2014-06-02,886,5.68
8100,2014-05-16,61,2014-06-04,911,6.5
8101,2014-05-16,61,2014-06-01,927,6.68
8102,2014-05-16,102,2014-06-04,951,5.78
8103,2014-05-16,102,2014-06-03,959,23.27
8104,2014-05-16,102,2014-05-30,966,9.1
8105,2014-05-16,102,2014-06-03,970,22.52
8106,2014-05-16,102,2014-06-05,980,19.49
8107,2014-06-13,102,2014-06-30,116,13.5
8108,2014-06-13,102,2014-07-01,154,6.4
8109,2014-06-13,102,2014-06-28,164,31.18
8110,2014-06-13,102,2014-07-01,176,5.71
8111,2014-06-13,35,2014-06-30,179,8
8112,2014-06-13,102,2014-06-27,194,6.16
8113,2014-06-13,35,2014-07-01,209,11.8
8114,2014-06-13,102,2014-06-27,240,14.88
8115,2014-06-13,35,2014-07-01,276,11.57
8116,2014-06-13,102,2014-06-28,373,10.52
8117,2014-06-13,61,2014-06-30,384,7.25
8118,2014-06-13,35,2014-06-28,389,9.08
8119,2014-06-13,102,2014-06-29,438,6.98
8120,2014-06-13,102,2014-07-02,444,5.8
8121,2014-06-13,35,2014-06-30,448,17.78
8122,2014-06-13,61,2014-06-26,450,7.28
8123,2014-06-13,102,2014-06-30,481,9.38
8124,2014-06-13,102,2014-06-30,512,14.96
8125,2014-06-13,61,2014-06-26,514,55.05
8126,2014-06-13,102,2014-07-01,521,33.98
8127,2014-06-13,61,2014-06-29,565,5.8
8128,2014-06-13,102,2014-07-01,566,5.72
8129,2014-06-13,102,2014-06-27,568,22.71
8130,2014-06-13,102,2014-06-30,573,5.68
8131,2014-06-13,61,2014-06-29,596,6.95
8132,2014-06-13,102,2014-06-28,605,6.44
8133,2014-06-13,102,2014-06-28,630,70.61
8134,2014-06-13,61,2014-07-01,645,11.16
8135,2014-06-13,102,2014-06-28,664,6.74
8136,2014-06-13,102,2014-07-02,679,17.81
8137,2014-06-13,102,2014-06-29,684,20.6
8138,2014-06-13,61,2014-07-01,691,93.2
8139,2014-06-13,61,2014-07-01,692,8.6
8140,2014-06-13,102,2014-07-01,695,5.73
8141,2014-06-13,61,2014-07-01,717,7.04
8142,2014-06-13,102,2014-07-01,781,11.48
8143,2014-06-13,35,2014-06-28,788,7.64
8144,2014-06-13,35,2014-06-29,823,6.36
8145,2014-06-13,61,2014-06-28,885,10.11
8146,2014-06-13,61,2014-07-01,911,5.74
8147,2014-06-13,102,2014-06-29,927,5.67
8148,2014-06-13,102,2014-07-01,959,26.17
8149,2014-06-13,102,2014-07-01,966,14.24
8150,2014-06-13,102,2014-06-29,970,9.5
8151,2014-06-13,102,2014-07-01,980,23.76
8152,2014-07-11,35,2014-07-28,116,9.44
8153,2014-07-11,61,2014-07-24,154,7.13
8154,2014-07-11,35,2014-07-26,164,28.4
8155,2014-07-11,61,2014-07-28,194,6.36
8156,2014-07-11,35,2014-07-28,209,7.8
8157,2014-07-11,102,2014-07-27,240,14.62
8158,2014-07-11,102,2014-07-29,276,19.8
8159,2014-07-11,102,2014-07-26,289,7.55
8160,2014-07-11,102,2014-07-29,373,7.1
8161,2014-07-11,102,2014-07-27,384,10.11
8162,2014-07-11,35,2014-07-27,389,6.48
8163,2014-07-11,35,2014-07-26,438,7.48
8164,2014-07-11,35,2014-07-25,448,17.39
8165,2014-07-11,102,2014-07-28,450,8.4
8166,2014-07-11,102,2014-07-25,481,6.14
8167,2014-07-11,102,2014-07-30,512,14.88
8168,2014-07-11,61,2014-07-27,514,39.5
8169,2014-07-11,61,2014-07-27,521,30.2
8170,2014-07-11,102,2014-07-26,565,6.5
8171,2014-07-11,102,2014-07-28,566,6.22
8172,2014-07-11,35,2014-07-31,568,16.22
8173,2014-07-11,102,2014-07-29,573,9.62
8174,2014-07-11,61,2014-07-26,596,6.26
8175,2014-07-11,35,2014-07-31,605,7.76
8176,2014-07-11,35,2014-07-27,630,50.5
8177,2014-07-11,102,2014-07-28,645,8.56
8178,2014-07-11,102,2014-07-29,659,6.82
8179,2014-07-11,61,2014-07-26,664,7.43
8180,2014-07-11,35,2014-07-28,679,11.32
8181,2014-07-11,102,2014-07-26,684,24.5
8182,2014-07-11,102,2014-07-28,691,74.58
8183,2014-07-11,35,2014-07-27,692,10.74
8184,2014-07-11,35,2014-07-29,695,5.73
8185,2014-07-11,102,2014-07-29,717,7.44
8186,2014-07-11,102,2014-07-29,781,5.84
8187,2014-07-11,61,2014-07-27,823,5.63
8188,2014-07-11,102,2014-08-01,885,7.04
8189,2014-07-11,102,2014-07-29,911,6.56
8190,2014-07-11,102,2014-07-28,927,5.72
8191,2014-07-11,102,2014-07-30,951,5.66
8192,2014-07-11,61,2014-07-26,959,25.16
8193,2014-07-11,35,2014-07-26,966,11.3
8194,2014-07-11,102,2014-07-26,970,13.1
8195,2014-07-11,35,2014-07-26,980,24.09
8196,2014-07-11,102,2014-08-01,985,6.89
8197,2014-08-08,35,2014-08-24,116,7.72
8198,2014-08-08,102,2014-08-22,154,7.22
8199,2014-08-08,102,2014-08-24,164,28.56
8200,2014-08-08,35,2014-08-25,176,5.6
8201,2014-08-08,35,2014-08-25,179,6.18
8202,2014-08-08,35,2014-08-25,209,7.68
8203,2014-08-08,35,2014-08-22,240,12.56
8204,2014-08-08,35,2014-08-26,276,21.72
8205,2014-08-08,102,2014-08-25,289,5.74
8206,2014-08-08,61,2014-08-27,373,10.74
8207,2014-08-08,102,2014-08-25,384,10.36
8208,2014-08-08,35,2014-08-28,389,7.08
8209,2014-08-08,102,2014-08-26,438,12.29
8210,2014-08-08,102,2014-08-22,444,5.6
8211,2014-08-08,102,2014-08-26,448,19.25
8212,2014-08-08,61,2014-08-22,450,8.35
8213,2014-08-08,35,2014-08-24,512,11.57
8214,2014-08-08,35,2014-08-21,514,49.85
8215,2014-08-08,35,2014-08-24,521,38.18
8216,2014-08-08,102,2014-08-25,550,5.65
8217,2014-08-08,61,2014-08-25,565,5.68
8218,2014-08-08,102,2014-08-24,566,8.24
8219,2014-08-08,35,2014-08-25,568,25.46
8220,2014-08-08,102,2014-08-26,573,6.44
8221,2014-08-08,61,2014-08-25,596,7.37
8222,2014-08-08,102,2014-08-28,605,9.14
8223,2014-08-08,102,2014-08-24,630,45.47
8224,2014-08-08,61,2014-08-22,645,9.55
8225,2014-08-08,102,2014-08-27,659,6.54
8226,2014-08-08,102,2014-08-25,664,9.4
8227,2014-08-08,102,2014-08-21,679,7.88
8228,2014-08-08,102,2014-08-24,684,19.82
8229,2014-08-08,35,2014-08-26,691,70.34
8230,2014-08-08,102,2014-08-22,692,11.02
8231,2014-08-08,35,2014-08-25,695,10.25
8232,2014-08-08,102,2014-08-25,717,9.2
8233,2014-08-08,61,2014-08-27,750,5.69
8234,2014-08-08,102,2014-08-24,781,9.8
8235,2014-08-08,102,2014-08-23,823,5.7
8236,2014-08-08,102,2014-08-24,885,10.94
8237,2014-08-08,61,2014-08-23,911,6.62
8238,2014-08-08,35,2014-08-28,927,6.42
8239,2014-08-08,102,2014-08-25,959,18.94
8240,2014-08-08,102,2014-08-25,966,8.2
8241,2014-08-08,61,2014-08-24,970,14.3
8242,2014-08-08,102,2014-08-22,980,27.8
8243,2014-09-05,61,2014-09-22,116,7.92
8244,2014-09-05,35,2014-09-26,154,6.26
8245,2014-09-05,61,2014-09-24,164,33.38
8246,2014-09-05,35,2014-09-22,194,5.73
8247,2014-09-05,102,2014-09-23,209,6.8
8248,2014-09-05,102,2014-09-19,240,10.04
8249,2014-09-05,102,2014-09-19,276,10.6
8250,2014-09-05,102,2014-09-22,373,6.06
8251,2014-09-05,61,2014-09-19,384,10.6
8252,2014-09-05,35,2014-09-23,389,8.08
8253,2014-09-05,61,2014-09-22,438,9.05
8254,2014-09-05,102,2014-09-19,444,5.72
8255,2014-09-05,102,2014-09-24,448,11.48
8256,2014-09-05,35,2014-09-21,450,6.34
8257,2014-09-05,35,2014-09-20,481,7.31
8258,2014-09-05,102,2014-09-21,512,11.84
8259,2014-09-05,102,2014-09-22,514,37.9
8260,2014-09-05,102,2014-09-20,521,26.32
8261,2014-09-05,102,2014-09-25,550,6.72
8262,2014-09-05,102,2014-09-19,565,6.34
8263,2014-09-05,102,2014-09-19,568,16.1
8264,2014-09-05,102,2014-09-24,573,6.34
8265,2014-09-05,35,2014-09-20,605,5.84
8266,2014-09-05,102,2014-09-23,630,33.98
8267,2014-09-05,102,2014-09-24,645,7.96
8268,2014-09-05,35,2014-09-21,664,5.77
8269,2014-09-05,35,2014-09-24,679,10.31
8270,2014-09-05,35,2014-09-23,684,14.52
8271,2014-09-05,35,2014-09-24,691,68.91
8272,2014-09-05,61,2014-09-24,692,8.44
8273,2014-09-05,35,2014-09-21,695,6.22
8274,2014-09-05,35,2014-09-23,717,9.32
8275,2014-09-05,61,2014-09-22,750,5.85
8276,2014-09-05,61,2014-09-22,781,6.83
8277,2014-09-05,35,2014-09-20,823,6.46
8278,2014-09-05,35,2014-09-21,855,5.72
8279,2014-09-05,102,2014-09-21,885,8.65
8280,2014-09-05,35,2014-09-21,911,6.7
8281,2014-09-05,102,2014-09-22,927,5.72
8282,2014-09-05,102,2014-09-21,951,5.82
8283,2014-09-05,102,2014-09-21,959,17.06
8284,2014-09-05,61,2014-09-20,966,8.9
8285,2014-09-05,61,2014-09-21,970,11.16
8286,2014-09-05,61,2014-09-21,980,21.8
8287,2014-09-05,102,2014-09-20,985,6.98
8288,2014-10-03,35,2014-10-18,116,10.2
8289,2014-10-03,102,2014-10-19,154,9.62
8290,2014-10-03,35,2014-10-17,164,19.63
8291,2014-10-03,35,2014-10-15,179,7.07
8292,2014-10-03,61,2014-10-19,194,6.72
8293,2014-10-03,61,2014-10-20,209,7.43
8294,2014-10-03,35,2014-10-22,240,15.8
8295,2014-10-03,102,2014-10-18,276,13.4
8296,2014-10-03,35,2014-10-18,373,6.08
8297,2014-10-03,102,2014-10-19,384,9.69
8298,2014-10-03,61,2014-10-21,438,8.04
8299,2014-10-03,35,2014-10-20,444,5.83
8300,2014-10-03,35,2014-10-21,448,21.06
8301,2014-10-03,102,2014-10-21,450,5.77
8302,2014-10-03,61,2014-10-16,481,5.66
8303,2014-10-03,102,2014-10-17,482,5.85
8304,2014-10-03,35,2014-10-19,512,15.83
8305,2014-10-03,35,2014-10-16,514,40.91
8306,2014-10-03,35,2014-10-21,521,29.3
8307,2014-10-03,102,2014-10-20,566,5.7
8308,2014-10-03,35,2014-10-20,568,13.76
8309,2014-10-03,35,2014-10-19,573,8.3
8310,2014-10-03,61,2014-10-18,596,7.28
8311,2014-10-03,102,2014-10-16,605,7.07
8312,2014-10-03,35,2014-10-20,630,46.65
8313,2014-10-03,102,2014-10-23,645,11.32
8314,2014-10-03,102,2014-10-21,659,6.34
8315,2014-10-03,102,2014-10-21,664,8.96
8316,2014-10-03,102,2014-10-21,679,12.14
8317,2014-10-03,61,2014-10-17,684,26.46
8318,2014-10-03,102,2014-10-20,691,65.48
8319,2014-10-03,102,2014-10-18,692,8.5
8320,2014-10-03,61,2014-10-22,695,11.32
8321,2014-10-03,35,2014-10-19,717,7.28
8322,2014-10-03,35,2014-10-20,750,6.46
8323,2014-10-03,61,2014-10-18,781,10.53
8324,2014-10-03,35,2014-10-18,788,5.84
8325,2014-10-03,102,2014-10-22,823,5.58
8326,2014-10-03,35,2014-10-20,885,7.25
8327,2014-10-03,102,2014-10-23,911,7.13
8328,2014-10-03,102,2014-10-22,927,7.01
8329,2014-10-03,61,2014-10-18,959,27.4
8330,2014-10-03,102,2014-10-18,966,9
8331,2014-10-03,102,2014-10-18,970,9.38
8332,2014-10-03,35,2014-10-20,980,29.57
8333,2014-10-03,61,2014-10-21,985,7.36
8334,2014-10-31,61,2014-11-15,116,7.07
8335,2014-10-31,35,2014-11-16,154,7.96
8336,2014-10-31,102,2014-11-18,164,36.57
8337,2014-10-31,61,2014-11-15,179,6.92
8338,2014-10-31,35,2014-11-19,194,7.04
8339,2014-10-31,61,2014-11-16,209,7.76
8340,2014-10-31,61,2014-11-20,240,10.4
8341,2014-10-31,102,2014-11-17,276,16.39
8342,2014-10-31,35,2014-11-17,293,5.73
8343,2014-10-31,61,2014-11-15,314,6.66
8344,2014-10-31,61,2014-11-17,373,6.62
8345,2014-10-31,35,2014-11-16,384,7.92
8346,2014-10-31,35,2014-11-16,389,6.44
8347,2014-10-31,35,2014-11-18,438,7.76
8348,2014-10-31,35,2014-11-18,444,8.7
8349,2014-10-31,102,2014-11-16,448,18.34
8350,2014-10-31,35,2014-11-14,481,6.34
8351,2014-10-31,35,2014-11-14,512,12.48
8352,2014-10-31,102,2014-11-18,514,52.88
8353,2014-10-31,102,2014-11-20,521,34.64
8354,2014-10-31,102,2014-11-17,550,7.48
8355,2014-10-31,102,2014-11-17,565,5.74
8356,2014-10-31,35,2014-11-14,566,6.42
8357,2014-10-31,102,2014-11-16,568,31.22
8358,2014-10-31,35,2014-11-16,573,9.02
8359,2014-10-31,35,2014-11-13,596,7.2
8360,2014-10-31,35,2014-11-17,605,10.4
8361,2014-10-31,61,2014-11-17,630,59.81
8362,2014-10-31,61,2014-11-17,645,8.95
8363,2014-10-31,35,2014-11-19,664,6.42
8364,2014-10-31,102,2014-11-16,679,11
8365,2014-10-31,102,2014-11-16,684,24.5
8366,2014-10-31,35,2014-11-15,691,87.11
8367,2014-10-31,61,2014-11-16,692,8.3
8368,2014-10-31,35,2014-11-20,695,11.6
8369,2014-10-31,102,2014-11-16,717,9.96
8370,2014-10-31,35,2014-11-20,781,12.68
8371,2014-10-31,102,2014-11-14,823,5.75
8372,2014-10-31,102,2014-11-14,885,6.98
8373,2014-10-31,102,2014-11-17,911,8.24
8374,2014-10-31,61,2014-11-20,925,5.54
8375,2014-10-31,35,2014-11-16,927,6.95
8376,2014-10-31,61,2014-11-16,951,5.78
8377,2014-10-31,61,2014-11-19,959,27.78
8378,2014-10-31,102,2014-11-16,966,6.92
8379,2014-10-31,61,2014-11-16,970,12.1
8380,2014-10-31,35,2014-11-17,980,25.06
8381,2014-10-31,35,2014-11-16,985,5.95
8382,2014-11-28,102,2014-12-17,116,16.59
8383,2014-11-28,102,2014-12-11,154,6.56
8384,2014-11-28,35,2014-12-15,164,44
8385,2014-11-28,102,2014-12-17,179,10.04
8386,2014-11-28,35,2014-12-15,209,10.32
8387,2014-11-28,35,2014-12-15,240,23.56
8388,2014-11-28,61,2014-12-15,276,18.11
8389,2014-11-28,61,2014-12-13,289,5.54
8390,2014-11-28,35,2014-12-17,314,6.42
8391,2014-11-28,102,2014-12-12,373,7.88
8392,2014-11-28,61,2014-12-14,384,6.34
8393,2014-11-28,61,2014-12-15,389,7.01
8394,2014-11-28,102,2014-12-17,438,14.57
8395,2014-11-28,102,2014-12-12,444,8.35
8396,2014-11-28,102,2014-12-16,448,21.56
8397,2014-11-28,35,2014-12-13,481,7.4
8398,2014-11-28,102,2014-12-17,512,17.96
8399,2014-11-28,102,2014-12-17,514,49.53
8400,2014-11-28,61,2014-12-15,521,44.52
8401,2014-11-28,102,2014-12-13,550,5.8
8402,2014-11-28,102,2014-12-13,566,5.84
8403,2014-11-28,102,2014-12-12,568,31.4
8404,2014-11-28,35,2014-12-18,573,6.36
8405,2014-11-28,35,2014-12-16,596,6.58
8406,2014-11-28,35,2014-12-16,605,7.96
8407,2014-11-28,61,2014-12-18,630,58.3
8408,2014-11-28,35,2014-12-13,645,8.08
8409,2014-11-28,35,2014-12-14,659,7.19
8410,2014-11-28,61,2014-12-14,664,9.38
8411,2014-11-28,35,2014-12-14,679,13.68
8412,2014-11-28,35,2014-12-13,684,29.05
8413,2014-11-28,102,2014-12-11,691,89.68
8414,2014-11-28,35,2014-12-14,692,14.36
8415,2014-11-28,102,2014-12-14,695,7.01
8416,2014-11-28,102,2014-12-18,717,9.14
8417,2014-11-28,35,2014-12-15,750,6.36
8418,2014-11-28,102,2014-12-16,781,10.76
8419,2014-11-28,102,2014-12-16,823,6.48
8420,2014-11-28,61,2014-12-14,885,10.95
8421,2014-11-28,102,2014-12-16,911,5.65
8422,2014-11-28,102,2014-12-18,927,6.2
8423,2014-11-28,61,2014-12-17,959,20.93
8424,2014-11-28,35,2014-12-16,966,14.62
8425,2014-11-28,35,2014-12-15,970,14.38
8426,2014-11-28,61,2014-12-13,980,30.2
8427,2014-11-28,35,2014-12-13,985,7.13
8428,2014-12-26,35,2015-01-09,116,11.2
8429,2014-12-26,35,2015-01-10,154,8.16
8430,2014-12-26,102,2015-01-13,164,32.2
8431,2014-12-26,102,2015-01-10,179,7.34
8432,2014-12-26,35,2015-01-13,194,5.78
8433,2014-12-26,102,2015-01-14,209,7.43
8434,2014-12-26,102,2015-01-09,240,22.4
8435,2014-12-26,102,2015-01-08,276,26
8436,2014-12-26,102,2015-01-11,289,5.6
8437,2014-12-26,35,2015-01-12,314,6.3
8438,2014-12-26,61,2015-01-12,373,6.74
8439,2014-12-26,35,2015-01-09,384,14.96
8440,2014-12-26,35,2015-01-14,389,8.5
8441,2014-12-26,35,2015-01-14,438,10.18
8442,2014-12-26,35,2015-01-13,444,6.3
8443,2014-12-26,102,2015-01-11,448,23.25
8444,2014-12-26,102,2015-01-09,450,5.54
8445,2014-12-26,102,2015-01-13,463,6.6
8446,2014-12-26,102,2015-01-12,481,7.28
8447,2014-12-26,102,2015-01-13,512,18.8
8448,2014-12-26,102,2015-01-09,514,76.76
8449,2014-12-26,35,2015-01-09,521,39.72
8450,2014-12-26,61,2015-01-15,550,6.16
8451,2014-12-26,61,2015-01-11,565,6.58
8452,2014-12-26,102,2015-01-11,566,7.58
8453,2014-12-26,35,2015-01-10,568,32.72
8454,2014-12-26,35,2015-01-09,573,7.32
8455,2014-12-26,35,2015-01-14,596,8.84
8456,2014-12-26,102,2015-01-11,605,9.76
8457,2014-12-26,61,2015-01-14,630,55.16
8458,2014-12-26,35,2015-01-12,645,11.93
8459,2014-12-26,35,2015-01-12,659,6.48
8460,2014-12-26,35,2015-01-11,664,6.74
8461,2014-12-26,61,2015-01-10,679,20.75
8462,2014-12-26,102,2015-01-08,684,30.11
8463,2014-12-26,102,2015-01-14,691,107.05
8464,2014-12-26,102,2015-01-14,692,14.49
8465,2014-12-26,102,2015-01-11,695,8.16
8466,2014-12-26,102,2015-01-12,717,10.7
8467,2014-12-26,61,2015-01-12,750,5.72
8468,2014-12-26,102,2015-01-10,781,13.52
8469,2014-12-26,102,2015-01-14,823,5.61
8470,2014-12-26,35,2015-01-11,885,8.78
8471,2014-12-26,102,2015-01-11,911,9.32
8472,2014-12-26,35,2015-01-09,927,7.22
8473,2014-12-26,61,2015-01-09,951,6.58
8474,2014-12-26,35,2015-01-11,959,28.76
8475,2014-12-26,102,2015-01-08,966,10.67
8476,2014-12-26,102,2015-01-10,970,16.34
8477,2014-12-26,102,2015-01-11,980,32.36
8478,2014-12-26,102,2015-01-11,985,5.77
8479,2015-01-23,35,2015-02-08,116,13.04
8480,2015-01-23,35,2015-02-07,136,5.8
8481,2015-01-23,102,2015-02-08,164,37.37
8482,2015-01-23,61,2015-02-10,179,5.71
8483,2015-01-23,102,2015-02-07,187,5.73
8484,2015-01-23,102,2015-02-10,194,5.69
8485,2015-01-23,61,2015-02-09,209,10.31
8486,2015-01-23,35,2015-02-10,240,12.1
8487,2015-01-23,61,2015-02-12,276,18.87
8488,2015-01-23,61,2015-02-08,289,5.69
8489,2015-01-23,102,2015-02-09,373,7.31
8490,2015-01-23,35,2015-02-08,384,8.54
8491,2015-01-23,102,2015-02-11,389,8.55
8492,2015-01-23,102,2015-02-10,438,7.12
8493,2015-01-23,102,2015-02-11,444,11
8494,2015-01-23,61,2015-02-06,448,17.92
8495,2015-01-23,35,2015-02-12,481,7.32
8496,2015-01-23,35,2015-02-10,512,9.48
8497,2015-01-23,102,2015-02-07,514,60.2
8498,2015-01-23,61,2015-02-10,521,32.01
8499,2015-01-23,35,2015-02-07,550,5.78
8500,2015-01-23,102,2015-02-09,565,5.61
8501,2015-01-23,102,2015-02-07,566,8.6
8502,2015-01-23,102,2015-02-11,568,25.74
8503,2015-01-23,35,2015-02-08,596,6.28
8504,2015-01-23,35,2015-02-08,605,8.9
8505,2015-01-23,102,2015-02-10,630,61
8506,2015-01-23,102,2015-02-10,645,7.22
8507,2015-01-23,61,2015-02-09,659,6.18
8508,2015-01-23,35,2015-02-07,664,6.18
8509,2015-01-23,61,2015-02-09,679,16.73
8510,2015-01-23,102,2015-02-10,684,29.64
8511,2015-01-23,102,2015-02-10,691,76.2
8512,2015-01-23,35,2015-02-09,692,9.45
8513,2015-01-23,35,2015-02-07,695,9.41
8514,2015-01-23,102,2015-02-06,717,9.9
8515,2015-01-23,102,2015-02-08,781,8.78
8516,2015-01-23,35,2015-02-08,823,5.78
8517,2015-01-23,102,2015-02-10,885,5.82
8518,2015-01-23,102,2015-02-06,911,5.73
8519,2015-01-23,61,2015-02-08,927,5.69
8520,2015-01-23,102,2015-02-11,951,8.05
8521,2015-01-23,102,2015-02-07,959,30.6
8522,2015-01-23,61,2015-02-12,966,10.32
8523,2015-01-23,102,2015-02-10,970,16.56
8524,2015-01-23,102,2015-02-08,980,18.92
8525,2015-01-23,35,2015-02-10,985,5.66
8526,2015-02-20,102,2015-03-08,116,10.04
8527,2015-02-20,61,2015-03-12,154,5.73
8528,2015-02-20,102,2015-03-08,164,28.8
8529,2015-02-20,102,2015-03-05,179,5.82
8530,2015-02-20,102,2015-03-11,209,7.25
8531,2015-02-20,61,2015-03-09,240,14.52
8532,2015-02-20,102,2015-03-09,276,16.02
8533,2015-02-20,102,2015-03-10,314,6.38
8534,2015-02-20,61,2015-03-11,373,7.4
8535,2015-02-20,35,2015-03-08,384,9.56
8536,2015-02-20,102,2015-03-07,389,5.68
8537,2015-02-20,102,2015-03-10,444,9.56
8538,2015-02-20,35,2015-03-08,448,11.39
8539,2015-02-20,61,2015-03-11,481,11.72
8540,2015-02-20,61,2015-03-10,512,12.2
8541,2015-02-20,102,2015-03-06,514,51.36
8542,2015-02-20,35,2015-03-09,521,46
8543,2015-02-20,35,2015-03-07,566,5.73
8544,2015-02-20,102,2015-03-07,568,26.06
8545,2015-02-20,35,2015-03-08,573,8.12
8546,2015-02-20,102,2015-03-11,596,6.7
8547,2015-02-20,102,2015-03-08,605,6.84
8548,2015-02-20,102,2015-03-09,630,58.28
8549,2015-02-20,102,2015-03-07,645,7.58
8550,2015-02-20,35,2015-03-09,659,5.71
8551,2015-02-20,102,2015-03-07,664,8.4
8552,2015-02-20,102,2015-03-08,679,18.6
8553,2015-02-20,35,2015-03-12,684,25.24
8554,2015-02-20,35,2015-03-07,691,90.8
8555,2015-02-20,35,2015-03-10,692,6.5
8556,2015-02-20,102,2015-03-08,695,7.04
8557,2015-02-20,35,2015-03-09,717,6.72
8558,2015-02-20,61,2015-03-08,750,7.13
8559,2015-02-20,102,2015-03-13,781,14.92
8560,2015-02-20,102,2015-03-06,823,6.22
8561,2015-02-20,35,2015-03-12,885,9
8562,2015-02-20,61,2015-03-07,911,7.4
8563,2015-02-20,61,2015-03-10,927,6.34
8564,2015-02-20,102,2015-03-06,951,5.73
8565,2015-02-20,102,2015-03-09,959,20.84
8566,2015-02-20,102,2015-03-08,966,12.26
8567,2015-02-20,102,2015-03-09,970,16.21
8568,2015-02-20,102,2015-03-08,980,27.33
8569,2015-02-20,35,2015-03-11,985,8.85
8570,2015-03-20,61,2015-04-06,116,6.58
8571,2015-03-20,35,2015-04-04,154,5.83
8572,2015-03-20,61,2015-04-05,164,22.71
8573,2015-03-20,102,2015-04-06,179,5.64
8574,2015-03-20,61,2015-04-05,187,5.67
8575,2015-03-20,61,2015-04-05,194,7.6
8576,2015-03-20,35,2015-04-05,209,6.52
8577,2015-03-20,35,2015-04-06,240,16.7
8578,2015-03-20,102,2015-04-07,276,15.05
8579,2015-03-20,102,2015-04-06,294,6.38
8580,2015-03-20,61,2015-04-05,314,7.72
8581,2015-03-20,102,2015-04-05,373,6.5
8582,2015-03-20,61,2015-04-06,384,11.3
8583,2015-03-20,61,2015-04-08,389,7.19
8584,2015-03-20,102,2015-04-08,438,8.84
8585,2015-03-20,102,2015-04-05,444,6.95
8586,2015-03-20,61,2015-04-04,448,11.5
8587,2015-03-20,35,2015-04-09,450,6.68
8588,2015-03-20,61,2015-04-03,481,8.04
8589,2015-03-20,35,2015-04-07,512,13.96
8590,2015-03-20,102,2015-04-06,514,26.32
8591,2015-03-20,102,2015-04-04,521,16.4
8592,2015-03-20,61,2015-04-06,550,5.57
8593,2015-03-20,35,2015-04-07,566,8.04
8594,2015-03-20,61,2015-04-05,568,28.56
8595,2015-03-20,35,2015-04-03,596,8.44
8596,2015-03-20,35,2015-04-04,605,6.34
8597,2015-03-20,102,2015-04-08,630,40.28
8598,2015-03-20,35,2015-04-06,645,7.61
8599,2015-03-20,61,2015-04-05,659,5.64
8600,2015-03-20,61,2015-04-08,664,6.52
8601,2015-03-20,102,2015-04-03,679,9.83
8602,2015-03-20,61,2015-04-03,684,19.63
8603,2015-03-20,61,2015-04-06,691,68.63
8604,2015-03-20,61,2015-04-05,692,9.41
8605,2015-03-20,102,2015-04-05,695,10.04
8606,2015-03-20,35,2015-04-02,717,8.28
8607,2015-03-20,102,2015-04-05,781,11.48
8608,2015-03-20,35,2015-04-07,823,7.28
8609,2015-03-20,61,2015-04-05,885,9.44
8610,2015-03-20,102,2015-04-06,911,5.8
8611,2015-03-20,102,2015-04-04,927,8.45
8612,2015-03-20,35,2015-04-07,951,5.88
8613,2015-03-20,102,2015-04-07,959,22.25
8614,2015-03-20,35,2015-04-07,966,10.6
8615,2015-03-20,102,2015-04-05,970,8.96
8616,2015-03-20,35,2015-04-05,980,17.8
8617,2015-03-20,35,2015-04-04,985,5.72
8618,2015-04-17,102,2015-05-06,116,10.44
8619,2015-04-17,102,2015-05-06,154,10.16
8620,2015-04-17,61,2015-05-05,164,21.12
8621,2015-04-17,102,2015-05-04,179,6.95
8622,2015-04-17,61,2015-05-02,194,5.66
8623,2015-04-17,35,2015-05-02,209,10.32
8624,2015-04-17,102,2015-04-30,240,16.1
8625,2015-04-17,35,2015-05-04,276,17.6
8626,2015-04-17,35,2015-05-04,289,7.16
8627,2015-04-17,102,2015-05-02,314,5.66
8628,2015-04-17,102,2015-05-04,373,5.67
8629,2015-04-17,35,2015-05-02,384,11.09
8630,2015-04-17,61,2015-05-01,389,8.9
8631,2015-04-17,102,2015-05-04,438,9.38
8632,2015-04-17,61,2015-05-03,444,8.12
8633,2015-04-17,102,2015-05-06,448,14.96
8634,2015-04-17,102,2015-05-02,450,6.32
8635,2015-04-17,35,2015-05-07,481,5.83
8636,2015-04-17,61,2015-05-03,512,15.08
8637,2015-04-17,102,2015-05-04,514,40
8638,2015-04-17,102,2015-05-03,521,23.63
8639,2015-04-17,35,2015-05-01,566,9.96
8640,2015-04-17,61,2015-05-03,568,15.2
8641,2015-04-17,102,2015-05-02,596,6.28
8642,2015-04-17,102,2015-05-01,605,5.72
8643,2015-04-17,35,2015-05-03,630,35.6
8644,2015-04-17,35,2015-05-06,645,9.74
8645,2015-04-17,102,2015-05-03,659,5.75
8646,2015-04-17,102,2015-05-05,664,7.24
8647,2015-04-17,61,2015-05-02,679,10.6
8648,2015-04-17,102,2015-04-30,684,20.58
8649,2015-04-17,35,2015-04-30,691,79.46
8650,2015-04-17,102,2015-05-05,692,5.83
8651,2015-04-17,35,2015-05-01,695,6.8
8652,2015-04-17,35,2015-05-02,717,11.12
8653,2015-04-17,102,2015-05-06,750,5.83
8654,2015-04-17,102,2015-05-02,781,9.26
8655,2015-04-17,61,2015-05-02,823,5.69
8656,2015-04-17,102,2015-05-02,885,10.95
8657,2015-04-17,102,2015-05-02,911,6.32
8658,2015-04-17,102,2015-05-04,927,5.79
8659,2015-04-17,102,2015-05-04,959,18.2
8660,2015-04-17,102,2015-04-29,966,9.69
8661,2015-04-17,61,2015-05-03,970,12.5
8662,2015-04-17,35,2015-05-02,980,21.2
8663,2015-04-17,102,2015-05-01,985,6.78
8664,2015-05-15,102,2015-06-01,116,10.6
8665,2015-05-15,102,2015-06-02,154,6.6
8666,2015-05-15,102,2015-05-31,164,31.4
8667,2015-05-15,61,2015-06-01,179,6.72
8668,2015-05-15,61,2015-06-02,194,5.73
8669,2015-05-15,61,2015-05-29,209,8.2
8670,2015-05-15,102,2015-05-30,240,13.45
8671,2015-05-15,102,2015-06-02,276,15.72
8672,2015-05-15,35,2015-06-01,314,6.38
8673,2015-05-15,102,2015-06-03,373,5.92
8674,2015-05-15,102,2015-06-02,384,7.22
8675,2015-05-15,102,2015-05-31,389,5.58
8676,2015-05-15,35,2015-06-02,438,5.67
8677,2015-05-15,102,2015-06-01,444,5.78
8678,2015-05-15,102,2015-05-31,448,19.2
8679,2015-05-15,61,2015-06-02,481,5.68
8680,2015-05-15,61,2015-05-29,512,12.92
8681,2015-05-15,61,2015-05-31,514,48.46
8682,2015-05-15,35,2015-06-01,521,31.46
8683,2015-05-15,61,2015-06-01,565,5.61
8684,2015-05-15,35,2015-06-01,566,6.44
8685,2015-05-15,102,2015-06-02,568,21.6
8686,2015-05-15,61,2015-05-30,596,6.14
8687,2015-05-15,61,2015-05-29,605,8.55
8688,2015-05-15,35,2015-05-27,630,55.32
8689,2015-05-15,102,2015-06-02,645,8.45
8690,2015-05-15,102,2015-05-31,659,6.62
8691,2015-05-15,102,2015-06-02,664,7.4
8692,2015-05-15,102,2015-05-31,679,16.06
8693,2015-05-15,102,2015-05-30,684,17.96
8694,2015-05-15,35,2015-06-01,691,81.16
8695,2015-05-15,61,2015-06-02,692,7.34
8696,2015-05-15,102,2015-05-31,695,9.44
8697,2015-05-15,35,2015-05-31,717,8.7
8698,2015-05-15,35,2015-05-30,781,7.9
8699,2015-05-15,61,2015-05-29,885,6.6
8700,2015-05-15,61,2015-06-02,911,5.71
8701,2015-05-15,35,2015-06-01,927,6.5
8702,2015-05-15,102,2015-05-30,951,6.26
8703,2015-05-15,102,2015-06-01,959,25.44
8704,2015-05-15,102,2015-06-03,966,7.68
8705,2015-05-15,35,2015-05-31,970,15.22
8706,2015-05-15,35,2015-06-02,980,18.3
8707,2015-06-12,35,2015-06-26,116,10.85
8708,2015-06-12,102,2015-06-28,154,8.24
8709,2015-06-12,35,2015-06-30,164,25.01
8710,2015-06-12,102,2015-07-02,179,6.62
8711,2015-06-12,35,2015-07-01,194,6.26
8712,2015-06-12,102,2015-06-30,209,7.8
8713,2015-06-12,102,2015-06-27,240,16.59
8714,2015-06-12,102,2015-06-26,276,19.7
8715,2015-06-12,35,2015-06-26,289,6.34
8716,2015-06-12,61,2015-06-30,314,5.69
8717,2015-06-12,102,2015-06-28,373,7.72
8718,2015-06-12,102,2015-06-28,384,8.95
8719,2015-06-12,102,2015-06-29,389,6.64
8720,2015-06-12,61,2015-06-28,438,9.88
8721,2015-06-12,35,2015-07-01,444,7.92
8722,2015-06-12,102,2015-06-30,448,16.1
8723,2015-06-12,102,2015-06-26,450,6.8
8724,2015-06-12,102,2015-06-27,481,8.2
8725,2015-06-12,61,2015-06-30,512,9.62
8726,2015-06-12,35,2015-06-30,514,46.58
8727,2015-06-12,61,2015-06-27,521,25.72
8728,2015-06-12,61,2015-06-28,550,6.2
8729,2015-06-12,102,2015-06-29,566,5.77
8730,2015-06-12,102,2015-07-01,568,23.81
8731,2015-06-12,102,2015-06-29,573,6.16
8732,2015-06-12,35,2015-07-01,596,6.64
8733,2015-06-12,102,2015-06-27,605,9.38
8734,2015-06-12,35,2015-06-28,630,46.54
8735,2015-06-12,102,2015-06-28,645,7.56
8736,2015-06-12,102,2015-06-27,664,9
8737,2015-06-12,61,2015-06-27,679,12.59
8738,2015-06-12,35,2015-06-30,684,24.95
8739,2015-06-12,35,2015-07-01,691,78.71
8740,2015-06-12,35,2015-06-30,692,5.64
8741,2015-06-12,102,2015-06-26,695,7.68
8742,2015-06-12,35,2015-06-28,717,10.46
8743,2015-06-12,102,2015-06-27,750,6.62
8744,2015-06-12,61,2015-06-29,781,8.08
8745,2015-06-12,102,2015-06-26,823,6.78
8746,2015-06-12,35,2015-06-30,885,7.8
8747,2015-06-12,102,2015-06-27,911,7.07
8748,2015-06-12,102,2015-06-25,927,7.8
8749,2015-06-12,61,2015-07-01,951,5.78
8750,2015-06-12,61,2015-06-28,959,25.8
8751,2015-06-12,102,2015-06-27,966,13.5
8752,2015-06-12,102,2015-06-30,970,14.1
8753,2015-06-12,102,2015-06-30,980,22.52
8754,2015-06-12,35,2015-06-26,985,6.74
8755,2015-07-10,35,2015-07-26,116,9.4
8756,2015-07-10,61,2015-07-27,154,6.3
8757,2015-07-10,61,2015-07-24,164,18.64
8758,2015-07-10,35,2015-08-01,179,7.92
8759,2015-07-10,102,2015-07-29,194,5.61
8760,2015-07-10,35,2015-07-26,209,8.24
8761,2015-07-10,35,2015-07-25,240,14.94
8762,2015-07-10,35,2015-07-24,276,14.49
8763,2015-07-10,35,2015-07-25,289,5.78
8764,2015-07-10,102,2015-07-26,307,5.7
8765,2015-07-10,35,2015-07-25,314,6.95
8766,2015-07-10,61,2015-07-28,373,7.1
8767,2015-07-10,61,2015-07-28,384,7.8
8768,2015-07-10,102,2015-07-26,389,6.58
8769,2015-07-10,61,2015-07-27,438,6.52
8770,2015-07-10,102,2015-07-28,444,6.32
8771,2015-07-10,61,2015-07-27,448,20.8
8772,2015-07-10,35,2015-07-26,450,6.56
8773,2015-07-10,102,2015-07-28,481,8.16
8774,2015-07-10,102,2015-07-27,512,11.9
8775,2015-07-10,102,2015-07-26,514,38.58
8776,2015-07-10,102,2015-07-25,521,23.56
8777,2015-07-10,102,2015-07-27,565,7.4
8778,2015-07-10,102,2015-07-30,568,21.47
8779,2015-07-10,102,2015-07-26,573,7.28
8780,2015-07-10,35,2015-07-23,596,7.07
8781,2015-07-10,61,2015-07-25,630,43.35
8782,2015-07-10,61,2015-07-26,645,7.46
8783,2015-07-10,35,2015-07-24,664,5.98
8784,2015-07-10,102,2015-07-24,679,18.2
8785,2015-07-10,35,2015-07-30,684,23.26
8786,2015-07-10,35,2015-07-24,691,69.8
8787,2015-07-10,102,2015-07-30,692,8.65
8788,2015-07-10,61,2015-07-28,695,6.54
8789,2015-07-10,61,2015-07-26,717,7.43
8790,2015-07-10,102,2015-07-29,781,8.55
8791,2015-07-10,102,2015-07-25,823,6.44
8792,2015-07-10,35,2015-07-25,885,5.76
8793,2015-07-10,35,2015-07-25,927,6.34
8794,2015-07-10,61,2015-07-27,959,22.28
8795,2015-07-10,102,2015-07-27,966,9
8796,2015-07-10,35,2015-07-24,970,15.92
8797,2015-07-10,61,2015-07-28,980,19.91
8798,2015-07-10,61,2015-07-24,985,8.04
8799,2015-08-07,102,2015-08-22,116,11.6
8800,2015-08-07,35,2015-08-21,154,8.9
8801,2015-08-07,61,2015-08-23,164,21.52
8802,2015-08-07,102,2015-08-21,179,6.28
8803,2015-08-07,35,2015-08-24,187,6.1
8804,2015-08-07,61,2015-08-25,194,6.98
8805,2015-08-07,102,2015-08-20,209,7.22
8806,2015-08-07,35,2015-08-23,240,14.88
8807,2015-08-07,35,2015-08-23,276,17.58
8808,2015-08-07,102,2015-08-25,289,5.66
8809,2015-08-07,102,2015-08-21,314,6.62
8810,2015-08-07,35,2015-08-22,373,7.25
8811,2015-08-07,35,2015-08-21,384,12.68
8812,2015-08-07,102,2015-08-23,438,11.08
8813,2015-08-07,35,2015-08-23,444,6.38
8814,2015-08-07,35,2015-08-21,448,23
8815,2015-08-07,102,2015-08-26,450,9.38
8816,2015-08-07,61,2015-08-26,481,5.83
8817,2015-08-07,102,2015-08-25,512,13.2
8818,2015-08-07,102,2015-08-26,514,59.76
8819,2015-08-07,102,2015-08-27,521,31.98
8820,2015-08-07,102,2015-08-24,550,6.22
8821,2015-08-07,102,2015-08-25,565,6.56
8822,2015-08-07,35,2015-08-23,566,6.28
8823,2015-08-07,102,2015-08-23,568,24.76
8824,2015-08-07,102,2015-08-21,573,7.34
8825,2015-08-07,102,2015-08-21,596,8.16
8826,2015-08-07,102,2015-08-24,605,6.36
8827,2015-08-07,102,2015-08-21,630,55.7
8828,2015-08-07,61,2015-08-23,645,10.1
8829,2015-08-07,35,2015-08-23,679,14.48
8830,2015-08-07,35,2015-08-22,684,26.06
8831,2015-08-07,102,2015-08-24,691,72.58
8832,2015-08-07,35,2015-08-22,692,10.25
8833,2015-08-07,102,2015-08-23,695,6.24
8834,2015-08-07,35,2015-08-21,717,10.2
8835,2015-08-07,102,2015-08-24,750,5.66
8836,2015-08-07,102,2015-08-24,781,12.4
8837,2015-08-07,61,2015-08-26,823,6.77
8838,2015-08-07,102,2015-08-22,885,7.92
8839,2015-08-07,61,2015-08-22,911,10.04
8840,2015-08-07,102,2015-08-23,927,7.76
8841,2015-08-07,35,2015-08-26,951,5.7
8842,2015-08-07,102,2015-08-20,959,28.87
8843,2015-08-07,35,2015-08-23,966,10.25
8844,2015-08-07,102,2015-08-26,970,13.4
8845,2015-08-07,102,2015-08-26,980,22.98
8846,2015-09-04,61,2015-09-20,116,14.84
8847,2015-09-04,102,2015-09-22,164,30.9
8848,2015-09-04,61,2015-09-19,179,6.72
8849,2015-09-04,102,2015-09-21,209,9.76
8850,2015-09-04,102,2015-09-22,240,13.4
8851,2015-09-04,35,2015-09-23,276,22.48
8852,2015-09-04,35,2015-09-23,314,7.48
8853,2015-09-04,102,2015-09-18,373,6.18
8854,2015-09-04,102,2015-09-18,384,10.25
8855,2015-09-04,102,2015-09-19,389,6.42
8856,2015-09-04,102,2015-09-23,438,11.37
8857,2015-09-04,61,2015-09-17,444,9.32
8858,2015-09-04,35,2015-09-20,448,24
8859,2015-09-04,35,2015-09-19,450,6.3
8860,2015-09-04,61,2015-09-23,463,5.81
8861,2015-09-04,61,2015-09-24,481,6.2
8862,2015-09-04,102,2015-09-23,512,11.4
8863,2015-09-04,35,2015-09-19,514,59.67
8864,2015-09-04,35,2015-09-20,521,29.64
8865,2015-09-04,102,2015-09-19,550,5.66
8866,2015-09-04,35,2015-09-23,565,6.68
8867,2015-09-04,35,2015-09-21,566,6.42
8868,2015-09-04,102,2015-09-21,568,18.02
8869,2015-09-04,35,2015-09-18,573,8.44
8870,2015-09-04,102,2015-09-24,596,5.67
8871,2015-09-04,61,2015-09-20,605,8.5
8872,2015-09-04,61,2015-09-19,630,49.84
8873,2015-09-04,35,2015-09-20,645,8.12
8874,2015-09-04,35,2015-09-19,664,7.01
8875,2015-09-04,35,2015-09-21,679,11.7
8876,2015-09-04,61,2015-09-18,684,22.69
8877,2015-09-04,35,2015-09-22,691,71.15
8878,2015-09-04,35,2015-09-23,692,8.9
8879,2015-09-04,61,2015-09-21,695,9.26
8880,2015-09-04,61,2015-09-21,717,9.08
8881,2015-09-04,35,2015-09-22,781,7.76
8882,2015-09-04,35,2015-09-19,823,6.32
8883,2015-09-04,35,2015-09-21,855,5.63
8884,2015-09-04,35,2015-09-20,885,7.88
8885,2015-09-04,102,2015-09-21,927,9.62
8886,2015-09-04,102,2015-09-18,959,25.79
8887,2015-09-04,35,2015-09-21,966,6.8
8888,2015-09-04,35,2015-09-23,970,17.92
8889,2015-09-04,35,2015-09-19,980,20.4
8890,2015-09-04,61,2015-09-25,985,8.15
8891,2015-10-02,102,2015-10-19,116,9.2
8892,2015-10-02,102,2015-10-18,154,6.95
8893,2015-10-02,35,2015-10-20,164,16.88
8894,2015-10-02,61,2015-10-18,179,6.5
8895,2015-10-02,35,2015-10-17,194,5.8
8896,2015-10-02,61,2015-10-20,209,7.96
8897,2015-10-02,61,2015-10-21,240,13.04
8898,2015-10-02,35,2015-10-17,276,24.08
8899,2015-10-02,102,2015-10-17,289,5.63
8900,2015-10-02,35,2015-10-20,314,5.73
8901,2015-10-02,35,2015-10-18,373,6.58
8902,2015-10-02,61,2015-10-23,384,9
8903,2015-10-02,35,2015-10-20,389,7.6
8904,2015-10-02,102,2015-10-19,438,11.57
8905,2015-10-02,102,2015-10-19,444,9.02
8906,2015-10-02,102,2015-10-23,448,21.28
8907,2015-10-02,35,2015-10-18,450,5.67
8908,2015-10-02,102,2015-10-20,481,6.2
8909,2015-10-02,102,2015-10-18,512,18.26
8910,2015-10-02,102,2015-10-19,514,42.4
8911,2015-10-02,61,2015-10-19,521,37.39
8912,2015-10-02,102,2015-10-22,565,5.61
8913,2015-10-02,102,2015-10-16,566,5.82
8914,2015-10-02,35,2015-10-20,568,25.28
8915,2015-10-02,61,2015-10-20,596,6.14
8916,2015-10-02,102,2015-10-21,605,6.42
8917,2015-10-02,35,2015-10-19,630,61.7
8918,2015-10-02,102,2015-10-19,645,8.72
8919,2015-10-02,102,2015-10-19,659,7.25
8920,2015-10-02,35,2015-10-21,664,6.83
8921,2015-10-02,35,2015-10-18,679,24.58
8922,2015-10-02,102,2015-10-15,684,24.98
8923,2015-10-02,61,2015-10-17,691,100.25
8924,2015-10-02,35,2015-10-17,692,12.02
8925,2015-10-02,35,2015-10-18,695,6.89
8926,2015-10-02,102,2015-10-19,717,7.68
8927,2015-10-02,61,2015-10-19,750,8.5
8928,2015-10-02,35,2015-10-18,781,11.3
8929,2015-10-02,35,2015-10-21,782,5.78
8930,2015-10-02,35,2015-10-18,823,6.08
8931,2015-10-02,102,2015-10-16,885,10.85
8932,2015-10-02,35,2015-10-20,911,6.4
8933,2015-10-02,102,2015-10-20,927,6.74
8934,2015-10-02,35,2015-10-19,959,20.62
8935,2015-10-02,102,2015-10-18,966,9.26
8936,2015-10-02,61,2015-10-18,970,13.06
8937,2015-10-02,61,2015-10-20,980,20.64
8938,2015-10-02,35,2015-10-18,985,6.3
8939,2015-10-30,61,2015-11-15,116,10.28
8940,2015-10-30,102,2015-11-15,154,9.74
8941,2015-10-30,61,2015-11-16,164,23.96
8942,2015-10-30,61,2015-11-18,209,11.08
8943,2015-10-30,102,2015-11-14,240,10.94
8944,2015-10-30,61,2015-11-16,276,12.1
8945,2015-10-30,102,2015-11-16,314,5.69
8946,2015-10-30,35,2015-11-18,373,10.04
8947,2015-10-30,35,2015-11-19,384,9.2
8948,2015-10-30,102,2015-11-12,389,6.72
8949,2015-10-30,61,2015-11-17,438,9.88
8950,2015-10-30,35,2015-11-17,444,5.69
8951,2015-10-30,35,2015-11-13,448,23.26
8952,2015-10-30,61,2015-11-16,450,6.42
8953,2015-10-30,102,2015-11-15,512,10.46
8954,2015-10-30,35,2015-11-18,514,44.27
8955,2015-10-30,35,2015-11-15,521,25.01
8956,2015-10-30,35,2015-11-13,565,7.49
8957,2015-10-30,35,2015-11-13,566,5.76
8958,2015-10-30,35,2015-11-18,568,21
8959,2015-10-30,61,2015-11-17,573,6.6
8960,2015-10-30,102,2015-11-12,596,6.32
8961,2015-10-30,102,2015-11-18,605,5.63
8962,2015-10-30,102,2015-11-15,630,40.36
8963,2015-10-30,102,2015-11-15,645,8.6
8964,2015-10-30,61,2015-11-12,679,13.96
8965,2015-10-30,102,2015-11-14,684,18.42
8966,2015-10-30,61,2015-11-16,691,66.62
8967,2015-10-30,102,2015-11-15,692,10.22
8968,2015-10-30,35,2015-11-15,717,8.16
8969,2015-10-30,102,2015-11-18,781,9.56
8970,2015-10-30,102,2015-11-14,823,7.13
8971,2015-10-30,102,2015-11-13,885,8.7
8972,2015-10-30,35,2015-11-12,911,6.56
8973,2015-10-30,61,2015-11-15,927,6.72
8974,2015-10-30,61,2015-11-15,951,5.76
8975,2015-10-30,102,2015-11-14,959,20.41
8976,2015-10-30,35,2015-11-14,966,12.37
8977,2015-10-30,102,2015-11-14,970,13.68
8978,2015-10-30,102,2015-11-14,980,28.18
8979,2015-11-27,102,2015-12-15,116,6.72
8980,2015-11-27,35,2015-12-15,154,7.31
8981,2015-11-27,61,2015-12-13,164,7.76
8982,2015-11-27,35,2015-12-12,179,5.55
8983,2015-11-27,102,2015-12-15,194,5.7
8984,2015-11-27,102,2015-12-13,240,10.68
8985,2015-11-27,35,2015-12-13,276,11.4
8986,2015-11-27,35,2015-12-13,373,6.4
8987,2015-11-27,102,2015-12-16,384,6.34
8988,2015-11-27,61,2015-12-13,389,5.75
8989,2015-11-27,35,2015-12-14,438,6.32
8990,2015-11-27,35,2015-12-11,448,11.72
8991,2015-11-27,61,2015-12-11,450,5.63
8992,2015-11-27,35,2015-12-16,512,6.95
8993,2015-11-27,102,2015-12-10,514,15.72
8994,2015-11-27,102,2015-12-15,521,15.14
8995,2015-11-27,61,2015-12-14,565,6.52
8996,2015-11-27,61,2015-12-15,566,5.81
8997,2015-11-27,35,2015-12-11,568,11.84
8998,2015-11-27,102,2015-12-14,630,12.93
8999,2015-11-27,102,2015-12-13,645,6.32
9000,2015-11-27,35,2015-12-13,679,8.12
9001,2015-11-27,61,2015-12-14,684,11.48
9002,2015-11-27,102,2015-12-13,691,29.75
9003,2015-11-27,35,2015-12-16,695,6.3
9004,2015-11-27,102,2015-12-15,750,5.84
9005,2015-11-27,35,2015-12-15,781,7.84
9006,2015-11-27,35,2015-12-18,885,5.58
9007,2015-11-27,61,2015-12-15,959,8.25
9008,2015-11-27,35,2015-12-15,970,7.49
9009,2015-11-27,102,2015-12-14,980,10.04
